dataset,method,seed,threshold,observable_event_recall,alarm_segment_precision,true_positive_observable_events,false_alarm_segments,mean_subject_false_alarm_duty,pooled_false_alarm_duty,mean_subject_fa_per_hour,pooled_fa_per_hour
smartfallmm,probe,20260724,0.01,0.9862306368330465,0.12301416917131816,573,4085,0.5606924948993032,0.6170852904545505,474.54098667996857,435.21185281991
smartfallmm,probe,20260724,0.02,0.9862306368330465,0.11865810726858562,573,4256,0.48497584237656377,0.5467347026421733,481.737460863251,453.430023403069
smartfallmm,probe,20260724,0.03,0.9862306368330465,0.11618004866180048,573,4359,0.4412901220833726,0.5039534776446785,489.34913537534567,464.40354135666774
smartfallmm,probe,20260724,0.04,0.9862306368330465,0.11561743341404358,573,4383,0.4112679494866788,0.47095852149002604,478.96399987594765,466.9604775788655
smartfallmm,probe,20260724,0.05,0.9845094664371773,0.11529933481152993,572,4389,0.38412418577785035,0.4452310927377216,476.38807390879924,467.599711634415
smartfallmm,probe,20260724,0.060000000000000005,0.9827882960413081,0.11479694410936872,571,4403,0.35801358484684687,0.4223453006026846,476.3051859118681,469.09125776403033
smartfallmm,probe,20260724,0.06999999999999999,0.9810671256454389,0.11420557002604688,570,4421,0.3399220005326004,0.4024379381154692,474.5342553017219,471.0089599306786
smartfallmm,probe,20260724,0.08,0.9810671256454389,0.11377245508982035,570,4440,0.32569607307085724,0.38496103784554153,469.19281072880017,473.0332011065852
smartfallmm,probe,20260724,0.09,0.9793459552495697,0.11296406591224935,569,4468,0.3089841391113415,0.37081886534953007,471.11985840818693,476.0162933658159
smartfallmm,probe,20260724,0.09999999999999999,0.9793459552495697,0.11382276455291059,569,4430,0.29750648162749055,0.35898785882323,463.23825140279433,471.9678110140028
smartfallmm,probe,20260724,0.11,0.9793459552495697,0.11307631160572337,569,4463,0.28574502060305756,0.344448827476948,460.4551639866119,475.4835983195247
smartfallmm,probe,20260724,0.12,0.9793459552495697,0.11395954336070499,569,4424,0.275881124613512,0.3349003558209411,454.90422226294106,471.32857695845337
smartfallmm,probe,20260724,0.13,0.9776247848537005,0.11419380780056293,568,4406,0.26754949514285575,0.32549901620361166,450.1012445303411,469.41087479180504
smartfallmm,probe,20260724,0.14,0.9724612736660929,0.11388832896593429,565,4396,0.2595467105085428,0.3143988980207957,442.9048499073671,468.34548469922265
smartfallmm,probe,20260724,0.15000000000000002,0.9707401032702238,0.11426256077795786,564,4372,0.2530290145918314,0.30653807061383487,437.3879462090214,465.78854847702485
smartfallmm,probe,20260724,0.16,0.9707401032702238,0.11564486364568383,564,4313,0.2426528594813622,0.2984990941438267,432.27180093180874,459.5027469307887
smartfallmm,probe,20260724,0.17,0.9690189328743546,0.11581979016663238,563,4298,0.2342226793446595,0.28970457477250205,428.47778624315566,457.9046617919151
smartfallmm,probe,20260724,0.18000000000000002,0.9655765920826161,0.11586121437422553,561,4281,0.22803621642768943,0.28314884831402587,422.97535180223986,456.093498634525
smartfallmm,probe,20260724,0.19,0.9672977624784854,0.11767169179229481,562,4214,0.2219965705690689,0.2773574131483552,417.8446666763502,448.95538501422294
smartfallmm,probe,20260724,0.2,0.963855421686747,0.11824324324324324,560,4176,0.21671391714295554,0.27017418842762775,410.4597553147016,444.90690266240983
smartfallmm,probe,20260724,0.21000000000000002,0.9621342512908778,0.1183068783068783,559,4166,0.21076423748493833,0.2637059458840409,405.8405912032825,443.84151256982744
smartfallmm,probe,20260724,0.22,0.9621342512908778,0.11959777492511767,559,4115,0.20605978706386038,0.25907804678639773,400.6142463682669,438.40802309765724
smartfallmm,probe,20260724,0.23,0.9621342512908778,0.11982851018220793,559,4106,0.1989847547854137,0.2504370219202879,396.63138637991466,437.44917201433304
smartfallmm,probe,20260724,0.24000000000000002,0.9621342512908778,0.12107429066493394,559,4058,0.19314477483940765,0.24383039572951248,388.1638915588829,432.33529956993755
smartfallmm,probe,20260724,0.25,0.9586919104991394,0.12071954919809276,557,4057,0.18690531399477878,0.2370853858915486,385.86378930610437,432.2287605606793
smartfallmm,probe,20260724,0.26,0.9586919104991394,0.12150959860383945,557,4027,0.1814956045623188,0.23099491479862,380.18593484495455,429.0325902829321
smartfallmm,probe,20260724,0.27,0.9569707401032702,0.12134439109559145,556,4026,0.1758217735153875,0.22353333216688115,376.7694592277101,428.92605127367386
smartfallmm,probe,20260724,0.28,0.9569707401032702,0.12182296231375986,556,4008,0.17216952724837964,0.21585940221445646,373.14927849012656,427.00834910702554
smartfallmm,probe,20260724,0.29000000000000004,0.9586919104991394,0.12293092032663872,557,3974,0.1673440390007918,0.20910643929332084,366.7103911600529,423.3860227922454
smartfallmm,probe,20260724,0.3,0.9586919104991394,0.12438588655649843,557,3921,0.16335487440564594,0.20418109488505407,358.4100998976535,417.7394553015587
smartfallmm,probe,20260724,0.31,0.9569707401032702,0.12590579710144928,556,3860,0.1586664990675492,0.1992175756775629,353.94472645114587,411.240575736806
smartfallmm,probe,20260724,0.32,0.9569707401032702,0.12728937728937728,556,3812,0.1556274937448929,0.19446878971570908,348.52300637939584,406.1267032924105
smartfallmm,probe,20260724,0.33,0.955249569707401,0.12796864191837676,555,3782,0.151023206167633,0.18974306769505336,340.64498256564514,402.9305330146633
smartfallmm,probe,20260724,0.34,0.955249569707401,0.12793914246196403,555,3783,0.14820645076961902,0.18414727837540776,340.042826692242,403.03707202392155
smartfallmm,probe,20260724,0.35000000000000003,0.9518072289156626,0.12789084181313598,553,3771,0.14480257324940843,0.17918216855128227,337.34084872626545,401.7586039128227
smartfallmm,probe,20260724,0.36000000000000004,0.9518072289156626,0.12848513011152415,553,3751,0.14045329853448277,0.1737136285623848,333.15210498840906,399.62782372765787
smartfallmm,probe,20260724,0.37,0.9518072289156626,0.12866449511400652,553,3745,0.13611094879365548,0.1675969122949894,330.69073409546303,398.98858967210845
smartfallmm,probe,20260724,0.38,0.9518072289156626,0.12944756554307116,553,3719,0.13255161075141883,0.1622413060871308,327.2303097144765,396.2185754313942
smartfallmm,probe,20260724,0.39,0.9518072289156626,0.13166666666666665,553,3647,0.1301001400951418,0.15852721624592206,316.7050246022077,388.54776676480094
smartfallmm,probe,20260724,0.4,0.9518072289156626,0.1330286264132788,553,3604,0.12573942085648426,0.15339429636687255,309.30942871942955,383.9665893666966
smartfallmm,probe,20260724,0.41000000000000003,0.9518072289156626,0.13347815592565773,553,3590,0.12134127465313312,0.1471535120019978,305.05140524114233,382.47504323708125
smartfallmm,probe,20260724,0.42000000000000004,0.9518072289156626,0.1356056890632663,553,3525,0.11895384484734911,0.14375993141261073,300.980693637487,375.5500076352957
smartfallmm,probe,20260724,0.43,0.9500860585197934,0.13619541080680977,552,3501,0.11690757143960664,0.14051109693694955,298.8754853574603,372.99307141309794
smartfallmm,probe,20260724,0.44,0.9500860585197934,0.13789657756682488,552,3451,0.11464602269269318,0.13703639489921057,295.18179228208317,367.6661209501859
smartfallmm,probe,20260724,0.45,0.9483648881239243,0.13942307692307693,551,3401,0.11110578854868225,0.13322845867657512,292.2452415504214,362.3391704872739
smartfallmm,probe,20260724,0.46,0.9483648881239243,0.1417910447761194,551,3335,0.10847484442207869,0.13020469645467458,285.5747283038482,355.3075958762301
smartfallmm,probe,20260724,0.47000000000000003,0.9432013769363167,0.14233766233766235,548,3302,0.10696072899237391,0.12730897887183926,281.5780694055996,351.79180857070816
smartfallmm,probe,20260724,0.48000000000000004,0.9432013769363167,0.14455288841994196,548,3243,0.10493191884260004,0.12517357604022353,276.65035279286235,345.506007024472
smartfallmm,probe,20260724,0.49,0.9432013769363167,0.14632843791722297,548,3197,0.10142180255367797,0.12188179491543487,272.4388544833225,340.60521259859297
smartfallmm,probe,20260724,0.5,0.9414802065404475,0.14759848893685915,547,3159,0.09887942501875177,0.11876895816201068,268.8311601472999,336.55673024677986
smartfallmm,probe,20260724,0.51,0.9414802065404475,0.1501922020867655,547,3095,0.0967086156310369,0.1163703082774099,264.66651013321837,329.7382336542525
smartfallmm,probe,20260724,0.52,0.9380378657487092,0.15122086570477247,545,3059,0.09483930048841677,0.11407743439899347,260.1909494511145,325.90282932095585
smartfallmm,probe,20260724,0.53,0.9363166953528399,0.15311004784688995,544,3009,0.09307273452629013,0.11176149657937894,256.64907502365423,320.5758788580439
smartfallmm,probe,20260724,0.54,0.9345955249569707,0.15487735310895606,543,2963,0.09071729686769248,0.10886657430486078,252.94224153998255,315.67508443216485
smartfallmm,probe,20260724,0.55,0.9345955249569707,0.15563198624247634,543,2946,0.08892588324458661,0.10633192669802302,250.1091619438513,313.8639212747748
smartfallmm,probe,20260724,0.56,0.9345955249569707,0.15743693824296898,543,2906,0.08710014618119646,0.1035618678293014,246.37416323240993,309.60236090444516
smartfallmm,probe,20260724,0.5700000000000001,0.9328743545611016,0.15964653902798231,542,2853,0.0851731741080582,0.10100813282285143,242.40118853845158,303.95579341375844
smartfallmm,probe,20260724,0.5800000000000001,0.9328743545611016,0.16135754688895504,542,2817,0.08256024248028694,0.09841701832549425,238.67228303189648,300.1203890804618
smartfallmm,probe,20260724,0.59,0.9363166953528399,0.1635598316295851,544,2782,0.08002483411041658,0.09487471508079538,233.64127073120412,296.3915237564234
smartfallmm,probe,20260724,0.6,0.9328743545611016,0.1648919987830849,542,2745,0.07756272017432382,0.09230348329136757,228.93108844604512,292.44958041386855
smartfallmm,probe,20260724,0.61,0.9328743545611016,0.16754250386398764,542,2693,0.07526452746499927,0.08938072522574826,223.52574115095945,286.9095519324401
smartfallmm,probe,20260724,0.62,0.9328743545611016,0.16895261845386533,542,2666,0.07338721070309587,0.08658760241582855,220.02623670667268,284.03299868246756
smartfallmm,probe,20260724,0.63,0.9311531841652324,0.17098609355246525,541,2623,0.07215510356768916,0.08424701003838157,214.79211765907624,279.4518212843633
smartfallmm,probe,20260724,0.64,0.9294320137693631,0.17219387755102042,540,2596,0.07061712595792159,0.08211319782340021,211.973609906198,276.5752680343908
smartfallmm,probe,20260724,0.65,0.9294320137693631,0.17424975798644723,540,2559,0.06862520431403264,0.07942426040303045,208.42659913767886,272.6333246918359
smartfallmm,probe,20260724,0.66,0.927710843373494,0.17689530685920576,539,2508,0.0669420378438302,0.07735009631183722,205.0910003207859,267.19983521966566
smartfallmm,probe,20260724,0.67,0.9259896729776248,0.1790349417637271,538,2467,0.06530884572173339,0.07413625540213176,200.3809714965873,262.83173584007784
smartfallmm,probe,20260724,0.68,0.9259896729776248,0.18138907619689817,538,2428,0.0633422454016353,0.07137176369163033,197.35783610835097,258.6767144790065
smartfallmm,probe,20260724,0.6900000000000001,0.9242685025817556,0.18453608247422681,537,2373,0.06221519723632741,0.06961890416057594,193.77539898602922,252.8170689698033
smartfallmm,probe,20260724,0.7000000000000001,0.9225473321858864,0.18682467758800975,536,2333,0.061266154084486095,0.06851819744960527,191.8003948066131,248.5555085994737
smartfallmm,probe,20260724,0.7100000000000001,0.9208261617900172,0.18911276069282432,535,2294,0.059999697139257735,0.06656651083925705,188.51528321768492,244.40048723840235
smartfallmm,probe,20260724,0.72,0.9225473321858864,0.1929445644348452,536,2242,0.0586896762334815,0.06506496873643006,184.85053970105503,238.86045875697386
smartfallmm,probe,20260724,0.73,0.9208261617900172,0.19654665686994857,535,2187,0.056967946063285466,0.0632747297144684,179.92842595103582,233.00081324777068
smartfallmm,probe,20260724,0.74,0.9208261617900172,0.20097670924117206,535,2127,0.055579475954656406,0.06138587246117703,175.26674660357645,226.60847269227628
smartfallmm,probe,20260724,0.75,0.9208261617900172,0.20334473584188523,535,2096,0.05383934126678844,0.05958927097267798,171.1414125439195,223.30576340527085
smartfallmm,probe,20260724,0.76,0.9208261617900172,0.20704334365325078,535,2049,0.05213369871484031,0.05780698503388809,167.90100471657,218.29842997013355
smartfallmm,probe,20260724,0.77,0.9208261617900172,0.21238586740770146,535,1984,0.050816782464990655,0.0559380104885261,163.81594109593564,211.37339436834796
smartfallmm,probe,20260724,0.78,0.919104991394148,0.21549636803874092,534,1944,0.04947540573227324,0.05424002723135679,161.48109456669832,207.11183399801837
smartfallmm,probe,20260724,0.79,0.919104991394148,0.22111801242236026,534,1881,0.04831323345969256,0.05255238298231076,154.58884614001423,200.39987641474926
smartfallmm,probe,20260724,0.8,0.9139414802065404,0.22566935826604334,531,1822,0.04703623010140048,0.05046708457467707,150.31633946517448,194.11407486851311
smartfallmm,probe,20260724,0.81,0.9156626506024096,0.23323103901797457,532,1749,0.04533106965483581,0.048678436169349776,143.91829448047557,186.33672719266158
smartfallmm,probe,20260724,0.8200000000000001,0.9139414802065404,0.239404869251578,531,1687,0.043752173856447654,0.046756175966737035,139.04185956503517,179.73130861865073
smartfallmm,probe,20260724,0.8300000000000001,0.9139414802065404,0.24526558891454966,531,1634,0.04243713557264813,0.044806079973023154,134.79792136393775,174.084741127964
smartfallmm,probe,20260724,0.8400000000000001,0.9104991394148021,0.25082977714556665,529,1580,0.041158307086393266,0.043171721381227865,131.17981050866888,168.33163462801906
smartfallmm,probe,20260724,0.85,0.9070567986230637,0.2571986334797462,527,1522,0.039715220875930955,0.041530205014578006,126.30846931541288,162.15237209104114
smartfallmm,probe,20260724,0.86,0.9001721170395869,0.2658871377732588,523,1444,0.038018366546923095,0.03992606813883538,120.15927430895249,153.84232936889842
smartfallmm,probe,20260724,0.87,0.8932874354561101,0.2708768267223382,519,1397,0.03672347745688559,0.03817320860778098,116.84184806392368,148.83499593376115
smartfallmm,probe,20260724,0.88,0.891566265060241,0.2819814915623299,518,1319,0.035130003150867124,0.036420349076726574,111.61000751293169,140.52495321161842
smartfallmm,probe,20260724,0.89,0.8898450946643718,0.29308390022675734,517,1247,0.03382442366058601,0.03486711193328318,107.15278928548649,132.85414454502515
smartfallmm,probe,20260724,0.9,0.8881239242685026,0.30550621669627,516,1173,0.0325971126665523,0.033519064335671006,101.03003840845605,124.9702578599154
smartfallmm,probe,20260724,0.91,0.882960413080895,0.3158866995073892,513,1111,0.0314580063856099,0.03187516204406962,96.755758087176,118.36483928590454
smartfallmm,probe,20260724,0.92,0.8812392426850258,0.33376792698826596,512,1022,0.030493028930670196,0.030706854126139084,90.64611308259842,108.88286746192118
smartfallmm,probe,20260724,0.93,0.8760757314974182,0.35200553250345784,509,937,0.02867504256027994,0.028760734674011076,84.83274283661638,99.82705167497079
smartfallmm,probe,20260724,0.9400000000000001,0.8726333907056799,0.369533527696793,507,865,0.02726413950384479,0.027368945118954262,79.99817168461345,92.15624300837752
smartfallmm,probe,20260724,0.9500000000000001,0.8657487091222031,0.3917445482866044,503,781,0.0253510583239764,0.02522399858753243,73.48607245519123,83.20696623068537
smartfallmm,probe,20260724,0.9600000000000001,0.8605851979345955,0.4291845493562232,500,665,0.023528471564310323,0.02303610540698312,65.72274287713928,70.84844115672954
smartfallmm,probe,20260724,0.97,0.8519793459552496,0.4643527204502814,495,571,0.020830456944880567,0.020542018524321318,56.91706520999625,60.83377428645499
smartfallmm,probe,20260724,0.98,0.8364888123924269,0.5214592274678111,486,446,0.017739752406637506,0.017762415955793576,44.654730844318955,47.516398129174995
smartfallmm,probe,20260724,0.99,0.8072289156626506,0.6130718954248366,469,296,0.01375350414350125,0.014725928800818211,31.02275068078534,31.535546740439013
smartfallmm,event_mil,20260724,0.01,0.9896729776247849,0.12339055793991416,575,4085,0.5763975121664137,0.6228218493463361,474.3434054908217,435.21185281991
smartfallmm,event_mil,20260724,0.02,0.9862306368330465,0.11634517766497462,573,4352,0.4928748918366265,0.5478497249028531,498.8553716234933,463.65776829186007
smartfallmm,event_mil,20260724,0.03,0.9862306368330465,0.1142800159553251,573,4441,0.44479575807480054,0.5000564668905194,498.3283754019572,473.13974011584344
smartfallmm,event_mil,20260724,0.04,0.9862306368330465,0.11317400750543156,573,4490,0.4116988635365132,0.4652116235901172,492.61198295724853,478.3601515694972
smartfallmm,event_mil,20260724,0.05,0.9845094664371773,0.11141410206466693,572,4562,0.38312207957971256,0.4340665545812145,490.1230654083437,486.03096023609044
smartfallmm,event_mil,20260724,0.060000000000000005,0.9810671256454389,0.11143695014662756,570,4545,0.35640635107854235,0.41250654141090876,487.12124729675395,484.21979707870037
smartfallmm,event_mil,20260724,0.06999999999999999,0.9793459552495697,0.10988798764001545,569,4609,0.3333227717642106,0.38832042017729007,487.01437753873046,491.03829367122773
smartfallmm,event_mil,20260724,0.08,0.9793459552495697,0.11039968956150563,569,4585,0.31733616645399004,0.36892364562970126,479.93867485845783,488.48135744903
smartfallmm,event_mil,20260724,0.09,0.9793459552495697,0.11018590240123935,569,4595,0.3022974260020053,0.3532608436312505,475.40903701522535,489.5467475416124
smartfallmm,event_mil,20260724,0.09999999999999999,0.9793459552495697,0.11063581567178689,569,4574,0.2891003631579824,0.33766405222312534,468.8575869513043,487.30942834718934
smartfallmm,event_mil,20260724,0.11,0.9793459552495697,0.11033546635640877,569,4588,0.2770317723282684,0.3226883966107141,463.50477496762335,488.8009744768047
smartfallmm,event_mil,20260724,0.12,0.9776247848537005,0.10984335718429704,568,4603,0.26406773715753035,0.3067416695430317,460.7551570236458,490.3990596156783
smartfallmm,event_mil,20260724,0.13,0.9776247848537005,0.1094834232845027,568,4620,0.2519525779579544,0.29009029930633207,454.24370916335846,492.2102227730684
smartfallmm,event_mil,20260724,0.14,0.9776247848537005,0.10999225406661503,568,4596,0.24086237238349711,0.2783125784372828,450.0044532667683,489.65328655087063
smartfallmm,event_mil,20260724,0.15000000000000002,0.9707401032702238,0.11009174311926606,564,4559,0.2313226784639883,0.2673102831774794,444.5343329364303,485.7113432083157
smartfallmm,event_mil,20260724,0.16,0.9707401032702238,0.11095809561282707,564,4519,0.2233213307019221,0.25649806660548097,436.51449827866605,481.44978283798616
smartfallmm,event_mil,20260724,0.17,0.9690189328743546,0.11100157728706625,563,4509,0.21530615180179247,0.2467459960202772,432.9441098207216,480.3843927454037
smartfallmm,event_mil,20260724,0.18000000000000002,0.9690189328743546,0.11269015212169736,563,4433,0.20659399526866795,0.23905456928487467,422.37805949326815,472.2874280417775
smartfallmm,event_mil,20260724,0.19,0.9690189328743546,0.11405996758508914,563,4373,0.19916363044274457,0.23027834200484504,413.6991472527536,465.8950874862831
smartfallmm,event_mil,20260724,0.2,0.9672977624784854,0.11521115211152111,562,4316,0.19222166870300872,0.22273643323307143,409.09022073743535,459.8223639585634
smartfallmm,event_mil,20260724,0.21000000000000002,0.9655765920826161,0.11614906832298137,561,4269,0.18581138415742798,0.21556275221215007,403.5755942639497,454.8150305234262
smartfallmm,event_mil,20260724,0.22,0.9586919104991394,0.11699222852341945,557,4204,0.1820333879422066,0.2088280813823095,394.03323315955157,447.88999492164055
smartfallmm,event_mil,20260724,0.23,0.9586919104991394,0.11840986394557823,557,4147,0.17701688231214235,0.2031376503729201,388.2385582314022,441.81727139392086
smartfallmm,event_mil,20260724,0.24000000000000002,0.9586919104991394,0.12004310344827586,557,4083,0.17190389023032135,0.19731519818287957,381.5461750906205,434.99877480139355
smartfallmm,event_mil,20260724,0.25,0.9586919104991394,0.12056277056277057,557,4063,0.16827061609975366,0.19224431235256972,373.67967665268014,432.8679946162287
smartfallmm,event_mil,20260724,0.26,0.9586919104991394,0.12180188060354254,557,4016,0.16284537650015726,0.1872760212951755,368.2872704026624,427.8606611810915
smartfallmm,event_mil,20260724,0.27,0.955249569707401,0.12303258700953225,555,3956,0.15974063193895766,0.18214707795771187,361.9444253824459,421.4683206255971
smartfallmm,event_mil,20260724,0.28,0.955249569707401,0.12443946188340807,555,3905,0.15753961410887382,0.17826358744494478,355.49046533116734,416.0348311534268
smartfallmm,event_mil,20260724,0.29000000000000004,0.9569707401032702,0.1255079006772009,556,3874,0.15287865458525635,0.17251509892840156,351.9454312596548,412.7321218664214
smartfallmm,event_mil,20260724,0.3,0.9569707401032702,0.1262488646684832,556,3848,0.14753180299074878,0.1656022790355137,347.98508438860995,409.9621076257072
smartfallmm,event_mil,20260724,0.31,0.9569707401032702,0.1269986295111923,556,3822,0.14166070022455965,0.15984186089421284,344.8736822676707,407.1920933849929
smartfallmm,event_mil,20260724,0.32,0.955249569707401,0.12817551963048499,555,3775,0.13784149408948734,0.1550135441006415,341.19584548553456,402.1847599498556
smartfallmm,event_mil,20260724,0.33,0.9535283993115319,0.1289871944121071,554,3741,0.13405402337655853,0.15070854017977148,335.0754973076672,398.5624336350755
smartfallmm,event_mil,20260724,0.34,0.955249569707401,0.13058823529411764,555,3695,0.1311828835596522,0.1467669921598506,330.5635251625748,393.66163920919644
smartfallmm,event_mil,20260724,0.35000000000000003,0.9535283993115319,0.13134186818397345,554,3664,0.12712467868244215,0.14263854668539352,326.9865516119772,390.358929922191
smartfallmm,event_mil,20260724,0.36000000000000004,0.9535283993115319,0.1329812770043207,554,3612,0.1236053318517686,0.1393332453192129,319.2937231905794,384.81890144076255
smartfallmm,event_mil,20260724,0.37,0.9483648881239243,0.13442303000731887,551,3548,0.12169709966706324,0.13610667947643262,312.9401938175709,378.0004048482352
smartfallmm,event_mil,20260724,0.38,0.9483648881239243,0.13548069830341775,551,3516,0.11838804407159652,0.13236952569402582,310.1204320231252,374.5911565519715
smartfallmm,event_mil,20260724,0.39,0.9483648881239243,0.1370305894056205,551,3470,0.11523198819477452,0.1285639753963419,305.8870704062019,369.69036212609245
smartfallmm,event_mil,20260724,0.4,0.9466437177280551,0.13812154696132597,550,3432,0.11136932719381243,0.12349627079930076,301.8828326936297,365.64187977427935
smartfallmm,event_mil,20260724,0.41000000000000003,0.9449225473321858,0.14019407558733402,549,3367,0.10930186021245554,0.1205822611251704,296.067606520637,358.7168441724938
smartfallmm,event_mil,20260724,0.42000000000000004,0.9432013769363167,0.14123711340206185,548,3332,0.10668149154118049,0.11786071606379646,291.21939401695937,354.9879788484554
smartfallmm,event_mil,20260724,0.43,0.9432013769363167,0.1431183076521285,548,3281,0.10417354374634182,0.11523778923375225,285.70407697461235,349.5544893762851
smartfallmm,event_mil,20260724,0.44,0.9449225473321858,0.14489311163895488,549,3240,0.10119386049252331,0.11217982875421316,281.26104539429673,345.1863899966973
smartfallmm,event_mil,20260724,0.45,0.9449225473321858,0.1460883448642895,549,3209,0.09921022065537279,0.1094551024595705,277.452113650561,341.8836807096919
smartfallmm,event_mil,20260724,0.46,0.9449225473321858,0.1478987068965517,549,3163,0.09685666789122399,0.1065999456009111,272.73195610840355,336.98288628381283
smartfallmm,event_mil,20260724,0.47000000000000003,0.9414802065404475,0.14990408331049604,547,3102,0.09498824431370828,0.10412256019291,268.57840836329234,330.4840067190602
smartfallmm,event_mil,20260724,0.48000000000000004,0.9414802065404475,0.15236768802228412,547,3043,0.09239784990753021,0.10108209649634874,262.34012697619954,324.19820517282403
smartfallmm,event_mil,20260724,0.49,0.9414802065404475,0.15443252399774138,547,2995,0.09102788892896074,0.09911609433629136,257.7966330206201,319.08433272842854
smartfallmm,event_mil,20260724,0.5,0.9363166953528399,0.15485340165101052,544,2969,0.08961887424692497,0.09682878761609513,254.9420613378341,316.3143184877143
smartfallmm,event_mil,20260724,0.51,0.9363166953528399,0.15672716796312303,544,2927,0.08724154803744992,0.09440786909861346,252.18639624216271,311.8396800988682
smartfallmm,event_mil,20260724,0.52,0.9345955249569707,0.1584938704028021,543,2883,0.0848821111813194,0.09182470768442802,247.73643718278979,307.15196369150567
smartfallmm,event_mil,20260724,0.53,0.9328743545611016,0.16068781500148235,542,2831,0.08251899498630469,0.08957159922187034,244.5449336248683,301.61193521007715
smartfallmm,event_mil,20260724,0.54,0.9328743545611016,0.16222687818018558,542,2799,0.08061804618240086,0.08723816461927797,241.95499761712426,298.2026869138135
smartfallmm,event_mil,20260724,0.55,0.9328743545611016,0.16474164133738603,542,2748,0.07886569359010809,0.08526261875941447,237.5302775539611,292.76919744164326
smartfallmm,event_mil,20260724,0.56,0.9328743545611016,0.16671793294370962,542,2709,0.07590716453191476,0.0824352976918562,233.23529344513136,288.6141760805719
smartfallmm,event_mil,20260724,0.5700000000000001,0.9328743545611016,0.169375,542,2658,0.07389673001048434,0.08087649339019258,229.07322109556512,283.1806866084017
smartfallmm,event_mil,20260724,0.5800000000000001,0.9311531841652324,0.17201907790143084,541,2604,0.07198390964416254,0.07842535315665825,224.40537316109018,277.4275801084567
smartfallmm,event_mil,20260724,0.59,0.9311531841652324,0.1742351046698873,541,2564,0.07081630213614178,0.07663511413469659,221.19916294936596,273.16601973812715
smartfallmm,event_mil,20260724,0.6,0.9294320137693631,0.17641293694870958,540,2521,0.06879167399174552,0.07454583918547703,216.38443907274967,268.5848423400228
smartfallmm,event_mil,20260724,0.61,0.9311531841652324,0.17884297520661158,541,2484,0.067133351259768,0.07299896450857105,212.77046816054073,264.6428989974679
smartfallmm,event_mil,20260724,0.62,0.927710843373494,0.18063002680965148,539,2445,0.06529398271825716,0.07088264907656751,208.8324225283679,260.48787763639655
smartfallmm,event_mil,20260724,0.63,0.9259896729776248,0.18206429780033842,538,2417,0.06393453952905376,0.06963162909365074,205.42145977506263,257.50478537716583
smartfallmm,event_mil,20260724,0.64,0.9242685025817556,0.1842827728208648,537,2377,0.06247266921757929,0.06753121982799072,201.15069621093429,253.24322500683627
smartfallmm,event_mil,20260724,0.65,0.9173838209982789,0.186428821266177,533,2326,0.06055533692659814,0.06543796833718528,196.8181811306687,247.80973553466603
smartfallmm,event_mil,20260724,0.66,0.9156626506024096,0.1895937277263008,532,2274,0.059052807450847754,0.06366124955661562,192.71003386482732,242.26970705323754
smartfallmm,event_mil,20260724,0.67,0.9156626506024096,0.1927536231884058,532,2228,0.057781887853639816,0.0622957051760256,188.44197736515366,237.3689126273585
smartfallmm,event_mil,20260724,0.68,0.9173838209982789,0.19704251386321628,533,2172,0.056276591391433546,0.06116477674900228,183.98650560307595,231.40272810889707
smartfallmm,event_mil,20260724,0.6900000000000001,0.9173838209982789,0.19940142162364385,533,2140,0.05459601046828898,0.059396806359921554,180.91798885089344,227.9934798126334
smartfallmm,event_mil,20260724,0.7000000000000001,0.9173838209982789,0.2020470053070508,533,2105,0.05357016711257718,0.05775926653485757,177.79403057267103,224.26461448859502
smartfallmm,event_mil,20260724,0.7100000000000001,0.9173838209982789,0.20452801227935533,533,2073,0.052347400374413405,0.05618614668348479,174.7295174924028,220.85536619233133
smartfallmm,event_mil,20260724,0.72,0.9156626506024096,0.2073265783320343,532,2034,0.051195803473585835,0.055220642386433955,171.07027344736943,216.70034483125997
smartfallmm,event_mil,20260724,0.73,0.9156626506024096,0.21220582369365776,532,1975,0.05003806949778086,0.05395848808707673,166.06063160468645,210.41454328502383
smartfallmm,event_mil,20260724,0.74,0.9156626506024096,0.2181221812218122,532,1907,0.04873185428824668,0.0527480288283359,160.54160704859186,203.1698906554635
smartfallmm,event_mil,20260724,0.75,0.9122203098106713,0.22120200333889817,530,1866,0.04790533473856952,0.05176661836494154,157.94102952148455,198.80179127587567
smartfallmm,event_mil,20260724,0.76,0.9104991394148021,0.22635857937526743,529,1808,0.04653245401670502,0.05012589730660886,153.04894929892788,192.62252873889776
smartfallmm,event_mil,20260724,0.77,0.9104991394148021,0.2304006968641115,529,1767,0.045512531989973036,0.048947250380555044,148.16477213800204,188.2544293593099
smartfallmm,event_mil,20260724,0.78,0.9070567986230637,0.2345349354695149,527,1720,0.04414214989420781,0.04769145854773521,145.22050993332306,183.24709592417264
smartfallmm,event_mil,20260724,0.79,0.9053356282271945,0.24007302601551803,526,1665,0.043050975991907624,0.0464189652402547,141.6228671914332,177.38745041496944
smartfallmm,event_mil,20260724,0.8,0.9018932874354562,0.245088868101029,524,1614,0.04228876084500064,0.04533098346235886,138.33038267302908,171.9539609427992
smartfallmm,event_mil,20260724,0.81,0.9018932874354562,0.250837721397798,524,1565,0.04058404368128591,0.04355585529842355,134.04974476137892,166.73354948914545
smartfallmm,event_mil,20260724,0.8200000000000001,0.9018932874354562,0.2568627450980392,524,1516,0.03871743750528788,0.04178549898439129,128.91350948966783,161.5131380354917
smartfallmm,event_mil,20260724,0.8300000000000001,0.9001721170395869,0.26241846462619167,523,1470,0.037444072104954,0.040339628463766555,123.44147743606518,156.61234360961265
smartfallmm,event_mil,20260724,0.8400000000000001,0.8984509466437177,0.2679671457905544,522,1426,0.03662170641806284,0.03905122898994254,119.43764566720952,151.9246272022501
smartfallmm,event_mil,20260724,0.85,0.891566265060241,0.27480106100795754,518,1367,0.03545731564469777,0.03793859265421426,115.19841089881785,145.63882565601395
smartfallmm,event_mil,20260724,0.86,0.891566265060241,0.28383561643835614,518,1307,0.03421165396937745,0.036903896533569173,110.28720877532557,139.24648510051955
smartfallmm,event_mil,20260724,0.87,0.8864027538726333,0.291289592760181,515,1253,0.0327141197957705,0.03530294089109526,104.89690926008267,133.4933786005746
smartfallmm,event_mil,20260724,0.88,0.8846815834767642,0.29953379953379955,514,1202,0.031040917834147985,0.03360018578402289,101.16157540920752,128.05988912840436
smartfallmm,event_mil,20260724,0.89,0.8795180722891566,0.3125382262996942,511,1124,0.030001074469488496,0.03227679274424316,95.35143014127286,119.74984640626165
smartfallmm,event_mil,20260724,0.9,0.8760757314974182,0.32503192848020435,509,1057,0.028487142109503594,0.030672655868500542,89.64324331159797,112.61173278595957
smartfallmm,event_mil,20260724,0.91,0.8760757314974182,0.34092431346282653,509,984,0.027220058727975935,0.029069314301075098,84.46500998105564,104.83438511010807
smartfallmm,event_mil,20260724,0.92,0.8726333907056799,0.35654008438818563,507,915,0.0255644654547678,0.02764094056342822,80.18568604866475,97.48319347128951
smartfallmm,event_mil,20260724,0.93,0.8674698795180723,0.37305699481865284,504,847,0.024097393982297,0.0262077949758783,75.18649150077134,90.2385408417292
smartfallmm,event_mil,20260724,0.9400000000000001,0.8605851979345955,0.3980891719745223,500,756,0.022496874071195706,0.024322914264172792,69.07598113607295,80.54349099922936
smartfallmm,event_mil,20260724,0.9500000000000001,0.8588640275387264,0.42074198988195616,499,687,0.02130784719135074,0.02287465781859653,62.972522866316254,73.19229936041081
smartfallmm,event_mil,20260724,0.9600000000000001,0.8519793459552496,0.45790934320074006,495,586,0.019436807087513927,0.020776634477888044,55.71547346725408,62.43185942532858
smartfallmm,event_mil,20260724,0.97,0.8347676419965576,0.49948506694129763,485,486,0.017393026000322487,0.018736668644333345,48.08116024576274,51.77795849950459
smartfallmm,event_mil,20260724,0.98,0.8209982788296041,0.5552968568102444,477,382,0.014718212540106766,0.016500261656436345,37.62292021038575,40.69790153664764
smartfallmm,event_mil,20260724,0.99,0.7796901893287436,0.611336032388664,453,288,0.010383537356474685,0.012985794202838612,30.001357091504456,30.683234666373092
smartfallmm,lebref,20260724,0.01,0.9896729776247849,0.12115465655288664,575,4171,0.570816037684128,0.6152282455339462,480.11328689659325,444.37420761611867
smartfallmm,lebref,20260724,0.02,0.9862306368330465,0.11443978430197724,573,4434,0.48653265853713906,0.5363400229366918,500.2022015791771,472.39396705103576
smartfallmm,lebref,20260724,0.03,0.9845094664371773,0.11315529179030663,572,4483,0.43846651194065894,0.4897079150674342,501.98287619301954,477.6143785046895
smartfallmm,lebref,20260724,0.04,0.9827882960413081,0.11231313926042487,571,4513,0.40696419489438423,0.45521698396817495,492.4044779093451,480.8105487824367
smartfallmm,lebref,20260724,0.05,0.9827882960413081,0.11113273647333592,571,4567,0.3689917761594367,0.4253515660416073,495.115365715505,486.56365528238166
smartfallmm,lebref,20260724,0.060000000000000005,0.9827882960413081,0.11074476338246703,571,4585,0.3464025657086467,0.4009912722865273,489.5092251281853,488.48135744903
smartfallmm,lebref,20260724,0.06999999999999999,0.9810671256454389,0.10892413529524174,570,4663,0.32542104860227555,0.3756758132425197,489.04782864964216,496.79140017117265
smartfallmm,lebref,20260724,0.08,0.9810671256454389,0.10969976905311778,570,4626,0.30779396074562215,0.35736224862292365,482.3341118150345,492.8494568286178
smartfallmm,lebref,20260724,0.09,0.9810671256454389,0.10984775486606282,570,4619,0.29105196364202063,0.3383321112095526,473.585158475587,492.1036837638101
smartfallmm,lebref,20260724,0.09999999999999999,0.9810671256454389,0.10948905109489052,570,4636,0.2747088330372607,0.32111925330092717,472.526986809715,493.9148469212002
smartfallmm,lebref,20260724,0.11,0.9810671256454389,0.10877862595419847,570,4670,0.2619142166652286,0.3017065725869948,466.48675928291186,497.53717323598033
smartfallmm,lebref,20260724,0.12,0.9793459552495697,0.10938100730488273,569,4633,0.251452731357235,0.2866744500840641,458.3348255279786,493.5952298934255
smartfallmm,lebref,20260724,0.13,0.9776247848537005,0.10982211910286156,568,4604,0.24192214477009183,0.2758654147453344,450.78815572858895,490.5055986249365
smartfallmm,lebref,20260724,0.14,0.9759036144578314,0.10999030067895248,567,4588,0.23116238259666355,0.2633512383745807,446.3208413425305,488.8009744768047
smartfallmm,lebref,20260724,0.15000000000000002,0.9724612736660929,0.11052425665101721,565,4547,0.22275515881178437,0.2528849809205535,438.73730649483605,484.4328750972169
smartfallmm,lebref,20260724,0.16,0.9707401032702238,0.11170528817587641,564,4485,0.21489739447158565,0.24408091784942268,426.37881586625053,477.82745652320597
smartfallmm,lebref,20260724,0.17,0.9690189328743546,0.1123976841684967,563,4446,0.20884208335553867,0.23501997019184426,420.75147818590955,473.6724351621346
smartfallmm,lebref,20260724,0.18000000000000002,0.9690189328743546,0.11382935705620703,563,4383,0.20004976959699933,0.22758542804288942,416.0339929771195,466.9604775788655
smartfallmm,lebref,20260724,0.19,0.9672977624784854,0.1147172892427026,562,4337,0.19410536730585531,0.2197293724858316,409.35218059199167,462.05968315298645
smartfallmm,lebref,20260724,0.2,0.963855421686747,0.11606217616580311,560,4265,0.18748432690530922,0.21208725486609395,398.27936875176476,454.3888744863932
smartfallmm,lebref,20260724,0.21000000000000002,0.9604130808950087,0.1169811320754717,558,4212,0.18118062269913868,0.20579716138555437,395.14484953429826,448.7423069957065
smartfallmm,lebref,20260724,0.22,0.9604130808950087,0.11852166525063722,558,4150,0.17625687485331862,0.20016001603341568,388.552171233637,442.13688842169563
smartfallmm,lebref,20260724,0.23,0.9604130808950087,0.12,558,4092,0.17223913018008333,0.19470340566927583,381.8840558709652,435.9576258847177
smartfallmm,lebref,20260724,0.24000000000000002,0.9604130808950087,0.12044031944744227,558,4075,0.1669377688002356,0.18718058429711446,378.11043199325456,434.1464627273276
smartfallmm,lebref,20260724,0.25,0.9604130808950087,0.12146277753591642,558,4036,0.16216847885382651,0.18149253921267658,373.65186569846503,429.99144136625625
smartfallmm,lebref,20260724,0.26,0.9586919104991394,0.12236379613356767,557,3995,0.15856571847824957,0.1757535943959395,366.933295735564,425.62334198666844
smartfallmm,lebref,20260724,0.27,0.9586919104991394,0.12366785079928952,557,3947,0.15324901671586505,0.17004725722020658,363.96108484669764,420.5094695422729
smartfallmm,lebref,20260724,0.28,0.9569707401032702,0.1244961934617107,556,3910,0.14810145226805174,0.16380965408860051,358.99144905847277,416.56752619971803
smartfallmm,lebref,20260724,0.29000000000000004,0.955249569707401,0.1258788841007031,555,3854,0.14373791749186568,0.1584540478807419,350.5829181070363,410.6013416812566
smartfallmm,lebref,20260724,0.3,0.955249569707401,0.12749827705031014,555,3798,0.14031108764210284,0.15447671098654814,344.4286062313049,404.63515716279517
smartfallmm,lebref,20260724,0.31,0.9535283993115319,0.12907735321528424,554,3738,0.13742327167450932,0.15042541041885707,335.3716342652466,398.24281660730077
smartfallmm,lebref,20260724,0.32,0.9535283993115319,0.13029162746942616,554,3698,0.13242487728208535,0.14653396682291822,333.1349787298817,393.98125623697115
smartfallmm,lebref,20260724,0.33,0.9535283993115319,0.1312485193082208,554,3667,0.12875907411417825,0.14243574306451381,329.08774937656597,390.6785469499657
smartfallmm,lebref,20260724,0.34,0.9518072289156626,0.13306063522617903,553,3603,0.1251745987643449,0.13806950040322133,321.0109599445533,383.86005035743835
smartfallmm,lebref,20260724,0.35000000000000003,0.9500860585197934,0.13486440263865135,552,3541,0.12281261676682947,0.13505528188112684,314.40310056564766,377.2546317834275
smartfallmm,lebref,20260724,0.36000000000000004,0.9466437177280551,0.13590313812700766,550,3497,0.11998852013616952,0.13158137515170507,310.690412440199,372.56691537606497
smartfallmm,lebref,20260724,0.37,0.9466437177280551,0.13774104683195593,550,3443,0.11711696956867981,0.12857829094605105,305.8752249172269,366.81380887612
smartfallmm,lebref,20260724,0.38,0.9466437177280551,0.13815624215021352,550,3431,0.11457762728980041,0.12421443420971007,302.28816454679435,365.5353407650211
smartfallmm,lebref,20260724,0.39,0.9449225473321858,0.1391634980988593,549,3396,0.11150257344564117,0.12105626488220687,297.82401262188114,361.8064754409827
smartfallmm,lebref,20260724,0.4,0.9449225473321858,0.1416043332473562,549,3328,0.10860945898857202,0.11745669943867139,293.1311560624781,354.5618228114224
smartfallmm,lebref,20260724,0.41000000000000003,0.9449225473321858,0.14315514993481096,549,3286,0.1069774453602079,0.11512803668598207,288.9368461166483,350.08718442257634
smartfallmm,lebref,20260724,0.42000000000000004,0.9449225473321858,0.14519968262364455,549,3232,0.10453969893993076,0.11297911361297436,283.3208187406972,344.33407792263137
smartfallmm,lebref,20260724,0.43,0.9432013769363167,0.14617231261669777,548,3201,0.10179399959655468,0.1097358462955334,279.6348644883959,341.03136863562594
smartfallmm,lebref,20260724,0.44,0.9432013769363167,0.14715359828141783,548,3176,0.09967220321697051,0.10697692174325221,278.74108490499276,338.36789340416993
smartfallmm,lebref,20260724,0.45,0.9414802065404475,0.14835909953892054,547,3140,0.09751865267002179,0.1042609438400985,274.9955830517196,334.5324890708733
smartfallmm,lebref,20260724,0.46,0.9380378657487092,0.1498075865860363,545,3093,0.09538049839880511,0.10158632196943788,270.9335398984746,329.52515563573604
smartfallmm,lebref,20260724,0.47000000000000003,0.9397590361445783,0.15251396648044693,546,3034,0.09293124992428464,0.09892760626512079,266.0717762837862,323.2393540894999
smartfallmm,lebref,20260724,0.48000000000000004,0.9380378657487092,0.15434721042197677,545,2986,0.09086740284006489,0.0964589692486086,261.6917095466686,318.12548164510434
smartfallmm,lebref,20260724,0.49,0.9363166953528399,0.15623205054566341,544,2938,0.08878632371188863,0.09459238062819812,258.4257736584117,313.01160920070885
smartfallmm,lebref,20260724,0.5,0.9345955249569707,0.157254561251086,543,2910,0.08638997462173433,0.09188117457494745,254.13789211869369,310.02851694147813
smartfallmm,lebref,20260724,0.51,0.9345955249569707,0.1597998822836963,543,2855,0.08487427883285355,0.09028896732396247,249.2838378403171,304.16887143227495
smartfallmm,lebref,20260724,0.52,0.9345955249569707,0.16179976162097737,543,2813,0.08316402993670287,0.08833728071361426,245.15568243087083,299.6942330434289
smartfallmm,lebref,20260724,0.53,0.9328743545611016,0.16349924585218703,542,2773,0.08136699741149232,0.08607144731798176,241.6621147283332,295.43267267309926
smartfallmm,lebref,20260724,0.54,0.9328743545611016,0.16630868364528997,542,2717,0.07919503079913705,0.08379925145581188,237.35279644973448,289.46648815463783
smartfallmm,lebref,20260724,0.55,0.9328743545611016,0.16790582403965304,542,2686,0.07621622412735134,0.0812630132323398,235.6440732620844,286.1637788676324
smartfallmm,lebref,20260724,0.56,0.9328743545611016,0.1704938659955961,542,2637,0.07482258937196477,0.07948311321850142,231.39743656865676,280.94336741397865
smartfallmm,lebref,20260724,0.5700000000000001,0.9328743545611016,0.17288676236044656,542,2593,0.07301633530084302,0.07743121776018909,226.83145338005778,276.25565100661606
smartfallmm,lebref,20260724,0.5800000000000001,0.9311531841652324,0.1755353666450357,541,2541,0.07161600419228324,0.07599011908946741,221.41412097649356,270.7156225251876
smartfallmm,lebref,20260724,0.59,0.9328743545611016,0.1784068466096116,542,2496,0.06946293348920854,0.07388255204895282,216.6914431780934,265.9213671085668
smartfallmm,lebref,20260724,0.6,0.9328743545611016,0.18127090301003346,542,2448,0.06803928424622124,0.07254404815114675,212.1047877637748,260.8074946641713
smartfallmm,lebref,20260724,0.61,0.9311531841652324,0.1840762164001361,541,2398,0.06567872079695894,0.07054623365840235,206.61765145015318,255.4805442012593
smartfallmm,lebref,20260724,0.62,0.9311531841652324,0.18655172413793103,541,2359,0.06413458821127677,0.06899776836486199,202.11006298478685,251.32552284018794
smartfallmm,lebref,20260724,0.63,0.9311531841652324,0.1886989884897105,541,2326,0.06261154891141746,0.06734352706513733,199.79716529357347,247.80973553466603
smartfallmm,lebref,20260724,0.64,0.9294320137693631,0.1923762023512647,540,2267,0.061630324470014625,0.06599468415920799,195.20877228259616,241.52393398842986
smartfallmm,lebref,20260724,0.65,0.9242685025817556,0.19435396308360478,537,2226,0.06006991292697025,0.06428715720223259,191.80238154498713,237.15583460884204
smartfallmm,lebref,20260724,0.66,0.9208261617900172,0.1966188901139287,535,2186,0.05891977705576197,0.06310373842627572,187.46412382361083,232.89427423851242
smartfallmm,lebref,20260724,0.67,0.9208261617900172,0.19918093819806404,535,2151,0.05797302462673499,0.06191554780041579,184.0157049707519,229.16540891447403
smartfallmm,lebref,20260724,0.68,0.919104991394148,0.2014334213504338,534,2117,0.05691684306517517,0.060400485456196806,181.00721140309417,225.5430825996939
smartfallmm,lebref,20260724,0.6900000000000001,0.919104991394148,0.20444104134762633,534,2078,0.05553003179099156,0.05921229483033689,176.6878681743645,221.38806123862253
smartfallmm,lebref,20260724,0.7000000000000001,0.919104991394148,0.20818713450292398,534,2031,0.05441046535227425,0.05800899334645063,172.2532256626721,216.38072780348526
smartfallmm,lebref,20260724,0.7100000000000001,0.9173838209982789,0.2115079365079365,533,1987,0.053226962747957775,0.05657505245058353,167.4920898237723,211.6930113961227
smartfallmm,lebref,20260724,0.72,0.9173838209982789,0.21570214488061515,533,1938,0.05166951373835959,0.054928764234030626,162.461856721153,206.47259994246895
smartfallmm,lebref,20260724,0.73,0.9173838209982789,0.2218984179850125,533,1869,0.050862852221850906,0.05407539840970149,158.94650756540287,199.12140830365038
smartfallmm,lebref,20260724,0.74,0.9156626506024096,0.22551928783382788,532,1827,0.04968105350588606,0.0526446387471031,155.5884098454101,194.6467699148043
smartfallmm,lebref,20260724,0.75,0.9156626506024096,0.22940922811556705,532,1787,0.048380876372450615,0.05128068498314743,152.77194758944196,190.38520954447472
smartfallmm,lebref,20260724,0.76,0.9156626506024096,0.2324159021406728,532,1757,0.04760494378486912,0.050087722507384455,149.66728886886474,187.18903926672752
smartfallmm,lebref,20260724,0.77,0.9156626506024096,0.23824451410658307,532,1701,0.04625115864755481,0.0487102485020368,145.70643232419013,181.2228547482661
smartfallmm,lebref,20260724,0.78,0.9087779690189329,0.24010914051841747,528,1671,0.04524247349312657,0.04775269728815772,142.6172893439839,178.0266844705189
smartfallmm,lebref,20260724,0.79,0.9070567986230637,0.24603174603174602,527,1615,0.043912471862997716,0.04648577113889742,139.4225534734684,172.06049995205746
smartfallmm,lebref,20260724,0.8,0.9070567986230637,0.2514312977099237,527,1569,0.04327963131843829,0.04544471255171493,135.68053928114642,167.1597055261784
smartfallmm,lebref,20260724,0.81,0.9070567986230637,0.2569478303266699,527,1524,0.04203327573946547,0.0440696244713188,131.03948289725574,162.36545010955763
smartfallmm,lebref,20260724,0.8200000000000001,0.9053356282271945,0.26234413965087283,526,1479,0.0408580197961376,0.04258637445978684,126.77976311817041,157.5711946929368
smartfallmm,lebref,20260724,0.8300000000000001,0.9018932874354562,0.2673469387755102,524,1436,0.039413466095325006,0.041166749113628893,122.41425642051443,152.9900172948325
smartfallmm,lebref,20260724,0.8400000000000001,0.9018932874354562,0.2756443976854287,524,1377,0.03819942192090381,0.040002417737284225,117.10589977652734,146.70421574859634
smartfallmm,lebref,20260724,0.85,0.8984509466437177,0.2840043525571273,522,1316,0.03696733098945161,0.03890171102631358,111.86422922585749,140.2053361838437
smartfallmm,lebref,20260724,0.86,0.8932874354561101,0.2897822445561139,519,1272,0.03536765195809322,0.03741925632309878,108.61163980059533,135.51761977648115
smartfallmm,lebref,20260724,0.87,0.8898450946643718,0.2976396085204375,517,1220,0.033946193548015535,0.03598213419396298,104.17386827683403,129.9775912950527
smartfallmm,lebref,20260724,0.88,0.8881239242685026,0.3076923076923077,516,1161,0.032078925057613936,0.034308010186308927,99.53585348927339,123.69178974881653
smartfallmm,lebref,20260724,0.89,0.882960413080895,0.3204247345409119,513,1088,0.030832620120134088,0.03294723765562195,94.83783516901073,115.91444207296502
smartfallmm,lebref,20260724,0.9,0.8777969018932874,0.3309539260220636,510,1031,0.029560300887966132,0.031278680806188126,90.50764177271762,109.84171854524534
smartfallmm,lebref,20260724,0.91,0.8760757314974182,0.3476775956284153,509,955,0.02859294493416977,0.029998234415535868,83.3593096629755,101.74475384161912
smartfallmm,lebref,20260724,0.92,0.8743545611015491,0.36363636363636365,508,889,0.02671451495114624,0.028534071803616105,78.94737563054905,94.71317923057528
smartfallmm,lebref,20260724,0.93,0.8674698795180723,0.37668161434977576,504,834,0.025279436034000027,0.02704286870891239,75.15111971622329,88.85353372137209
smartfallmm,lebref,20260724,0.9400000000000001,0.8640275387263339,0.3984126984126984,502,758,0.024200590561715345,0.025618471512851387,70.59425401294556,80.75656901774585
smartfallmm,lebref,20260724,0.9500000000000001,0.8588640275387264,0.4225232853513971,499,682,0.02260075230767431,0.024046942278112955,63.99345191322515,72.65960431411962
smartfallmm,lebref,20260724,0.9600000000000001,0.8537005163511188,0.4584103512014787,496,586,0.021087483389934773,0.022067419876663583,56.677231309330395,62.43185942532858
smartfallmm,lebref,20260724,0.97,0.8399311531841652,0.49948822927328557,488,489,0.018895028934731734,0.019859643988184895,48.22809271049293,52.09757552727931
smartfallmm,lebref,20260724,0.98,0.8227194492254734,0.5469107551487414,478,396,0.016209696560286722,0.017459403486949784,39.17938788045007,42.189447666263
smartfallmm,lebref,20260724,0.99,0.7814113597246127,0.607764390896921,454,293,0.012184467535834523,0.014491312847251492,30.879668344203285,31.21592971266429
umafall,probe,20260724,0.01,0.9798994974874372,0.1767905711695376,195,908,0.3840548798658327,0.33175845531209325,330.95424319604825,316.9186141209503
umafall,probe,20260724,0.02,0.9698492462311558,0.1888454011741683,193,829,0.3114506630684848,0.26567215878845607,313.43079300477615,289.3452985751848
umafall,probe,20260724,0.03,0.9698492462311558,0.1997929606625259,193,773,0.2687845495032627,0.23244435501740857,301.6633378883907,269.79965717565483
umafall,probe,20260724,0.04,0.964824120603015,0.2064516129032258,192,738,0.23619557520237744,0.20696189474381277,294.0462524604324,257.5836313009486
umafall,probe,20260724,0.05,0.964824120603015,0.21670428893905191,192,694,0.2148435257103254,0.1897876588992494,278.1342431206038,242.22634162988933
umafall,probe,20260724,0.060000000000000005,0.9547738693467337,0.22646007151370678,190,649,0.19783191995906854,0.17558064606505477,264.8903671280072,226.52002264812418
umafall,probe,20260724,0.06999999999999999,0.9547738693467337,0.2375,190,610,0.18236196911186658,0.1620816915972829,248.4538125705457,212.90787953059436
umafall,probe,20260724,0.08,0.9547738693467337,0.2486910994764398,190,574,0.16883134374071665,0.1513538432542159,231.6404154799245,200.34282434518224
umafall,probe,20260724,0.09,0.9547738693467337,0.2553763440860215,190,554,0.15453381831848742,0.1405419448172929,223.559001803932,193.3622381310644
umafall,probe,20260724,0.09999999999999999,0.949748743718593,0.26433566433566436,189,526,0.1459897893275994,0.13255463892843772,215.35341736997017,183.5894174312994
umafall,probe,20260724,0.11,0.949748743718593,0.273121387283237,189,503,0.13896479892508756,0.12569309490274386,208.2469483722089,175.56174328506387
umafall,probe,20260724,0.12,0.949748743718593,0.27794117647058825,189,491,0.13178987648075133,0.11890541308074157,204.28654813147742,171.37339155659316
umafall,probe,20260724,0.13,0.949748743718593,0.2863636363636364,189,471,0.12271082435019713,0.11135618646895368,197.40925010142794,164.39280534247533
umafall,probe,20260724,0.14,0.9447236180904522,0.29329173166926675,188,453,0.11868099359424349,0.1079814478520107,190.65534442886386,158.11027774976927
umafall,probe,20260724,0.15000000000000002,0.9447236180904522,0.29652996845425866,188,446,0.1113259335580157,0.10177192879683564,188.10422968059655,155.667072574828
umafall,probe,20260724,0.16,0.9396984924623115,0.3055555555555556,187,425,0.1070625941016697,0.09721539492082736,178.66649657366216,148.33745705000428
umafall,probe,20260724,0.17,0.9346733668341709,0.3126050420168067,186,409,0.10448236506859089,0.0948110528420393,169.67683528620282,142.75298807871
umafall,probe,20260724,0.18000000000000002,0.9346733668341709,0.3234782608695652,186,389,0.1019274472190049,0.0930714705964755,161.78998233271696,135.77240186459215
umafall,probe,20260724,0.19,0.9296482412060302,0.3280141843971631,185,379,0.09886850126641249,0.09034111603242805,159.87765299711955,132.28210875753322
umafall,probe,20260724,0.2,0.9296482412060302,0.3327338129496403,185,371,0.09669890313511402,0.08867794296309692,157.26125733854352,129.4898742718861
umafall,probe,20260724,0.21000000000000002,0.9296482412060302,0.33882783882783885,185,361,0.09387097181358359,0.08637547978595242,153.00238130131632,125.99958116482716
umafall,probe,20260724,0.22,0.9246231155778895,0.34137291280148424,184,355,0.0910051830838556,0.08417234853791042,148.186951243839,123.90540530059181
umafall,probe,20260724,0.23,0.9246231155778895,0.3465160075329567,184,347,0.09004678339898779,0.08350758870468618,143.32496296475566,121.11317081494467
umafall,probe,20260724,0.24000000000000002,0.9246231155778895,0.34782608695652173,184,345,0.08782982475087812,0.08101155561441892,141.2207181268372,120.41511219353288
umafall,probe,20260724,0.25,0.9246231155778895,0.34980988593155893,184,342,0.08399043767517393,0.07844420729300118,140.60908081830215,119.3680242614152
umafall,probe,20260724,0.26,0.9246231155778895,0.35181644359464626,184,339,0.0816403866114788,0.07656708853021855,140.5869666466825,118.32093632929752
umafall,probe,20260724,0.27,0.9195979899497487,0.3532818532818533,183,335,0.0794394640104525,0.074835147202278,138.86408364851118,116.92481908647396
umafall,probe,20260724,0.28,0.9195979899497487,0.3567251461988304,183,330,0.07622589524098919,0.07271861302063302,137.50430562339102,115.1796725329445
umafall,probe,20260724,0.29000000000000004,0.9195979899497487,0.36023622047244097,183,325,0.07409661797620601,0.07145786161279395,135.65613535927815,113.43452597941503
umafall,probe,20260724,0.3,0.9195979899497487,0.3652694610778443,183,318,0.07185136633134732,0.06928020009016282,133.61789191041916,110.99132080447379
umafall,probe,20260724,0.31,0.9195979899497487,0.37044534412955465,183,311,0.06846083290274767,0.06714074315564804,132.34539754189828,108.54811562953253
umafall,probe,20260724,0.32,0.9195979899497487,0.3757700205338809,183,304,0.06709915157498944,0.06548011705885798,130.04107394114692,106.10491045459129
umafall,probe,20260724,0.33,0.9195979899497487,0.37888198757763975,183,300,0.06637971307141036,0.06483318603342138,129.32349584105987,104.70879321176773
umafall,probe,20260724,0.34,0.9195979899497487,0.38204592901878914,183,296,0.06418852853102697,0.06307577498006994,127.48312356459746,103.31267596894415
umafall,probe,20260724,0.35000000000000003,0.914572864321608,0.38396624472573837,182,292,0.06288257522770857,0.061962747979614034,124.92619179173401,101.91655872612058
umafall,probe,20260724,0.36000000000000004,0.914572864321608,0.3888888888888889,182,286,0.06098429490768068,0.06030721582790616,120.42000878854876,99.82238286188523
umafall,probe,20260724,0.37,0.914572864321608,0.3905579399141631,182,284,0.058395799630129946,0.05893185065571808,121.06535756609748,99.12432424047344
umafall,probe,20260724,0.38,0.914572864321608,0.3939393939393939,182,280,0.05833224266457421,0.058590556335212145,118.51744286180562,97.72820699764988
umafall,probe,20260724,0.39,0.914572864321608,0.39565217391304347,182,278,0.056810166676612844,0.05729160033925674,117.80026884372693,97.03014837623809
umafall,probe,20260724,0.4,0.914572864321608,0.4008810572687225,182,272,0.05603356434002946,0.05683314528186072,115.82721321306262,94.93597251200273
umafall,probe,20260724,0.41000000000000003,0.914572864321608,0.407158836689038,182,265,0.05536448451275305,0.05611235205273252,112.6448154078324,92.49276733706148
umafall,probe,20260724,0.42000000000000004,0.914572864321608,0.41935483870967744,182,252,0.0556961349985487,0.05584491993591817,102.73545261303975,87.95538629788489
umafall,probe,20260724,0.43,0.9095477386934674,0.4238875878220141,181,246,0.05475547737968632,0.05507828120105037,98.3242427773153,85.86121043364953
umafall,probe,20260724,0.44,0.9095477386934674,0.42289719626168226,181,247,0.053621107916854975,0.054110431635436544,98.72856543578172,86.21023974435542
umafall,probe,20260724,0.45,0.9095477386934674,0.42289719626168226,181,247,0.052766926995915626,0.05309164261900093,98.19199786336242,86.21023974435542
umafall,probe,20260724,0.46,0.9095477386934674,0.4268867924528302,181,243,0.05258075843661147,0.051970974700921754,95.06652997884036,84.81412250153186
umafall,probe,20260724,0.47000000000000003,0.9095477386934674,0.431980906921241,181,238,0.05092534208610467,0.050486089709466844,93.25575013707058,83.06897594800239
umafall,probe,20260724,0.48000000000000004,0.9095477386934674,0.43614457831325304,181,234,0.050266466727644274,0.04980859501353716,90.53195111005368,81.67285870517883
umafall,probe,20260724,0.49,0.9095477386934674,0.4393203883495146,181,231,0.048894189430589506,0.048428135896266905,90.31429509301499,80.62577077306115
umafall,probe,20260724,0.5,0.9095477386934674,0.44471744471744473,181,226,0.047618000118913144,0.04729473311548228,88.63088595302153,78.88062421953168
umafall,probe,20260724,0.51,0.9095477386934674,0.4513715710723192,181,220,0.04567581143161956,0.045845505739602624,85.16672264306783,76.78644835529633
umafall,probe,20260724,0.52,0.9095477386934674,0.4502487562189055,181,221,0.04493200682668458,0.04509924278506354,85.77021206742785,77.13547766600222
umafall,probe,20260724,0.53,0.9095477386934674,0.4593908629441624,181,213,0.04426147423364428,0.04441920111659276,82.05068836280905,74.34324318035509
umafall,probe,20260724,0.54,0.9095477386934674,0.46055979643765904,181,212,0.04352885809058968,0.043912353580916046,81.87611568052269,73.99421386964919
umafall,probe,20260724,0.55,0.9045226130653267,0.46272493573264784,180,209,0.042001308975586765,0.04299799043866508,80.46398093922987,72.94712593753151
umafall,probe,20260724,0.56,0.9045226130653267,0.46632124352331605,180,206,0.04115744399190916,0.042455485287413115,79.94173684548203,71.90003800541383
umafall,probe,20260724,0.5700000000000001,0.8994974874371859,0.47229551451187335,179,200,0.04029385181384898,0.041729598113202745,76.7454852062793,69.80586214117848
umafall,probe,20260724,0.5800000000000001,0.8994974874371859,0.47733333333333333,179,196,0.03970565260960142,0.04129406580867652,75.37878168732627,68.40974489835492
umafall,probe,20260724,0.59,0.8994974874371859,0.48509485094850946,179,190,0.039120028172215215,0.04068533937135624,73.7318399976907,66.31556903411956
umafall,probe,20260724,0.6,0.8994974874371859,0.4904109589041096,179,186,0.03873915407514959,0.040344045050850305,73.10920453335898,64.91945179129598
umafall,probe,20260724,0.61,0.8994974874371859,0.494475138121547,179,183,0.03781301437384706,0.039534107782784,72.05607043419336,63.87236385917831
umafall,probe,20260724,0.62,0.8994974874371859,0.5056497175141242,179,175,0.03707790838920457,0.03884642519668996,68.21485584130033,61.08012937353117
umafall,probe,20260724,0.63,0.8994974874371859,0.5114285714285715,179,171,0.03671156359071168,0.03823515178682859,66.81377849475312,59.6840121307076
umafall,probe,20260724,0.64,0.8994974874371859,0.518840579710145,179,166,0.03665556914305143,0.03804158187370582,64.29846697598012,57.93886557717814
umafall,probe,20260724,0.65,0.8994974874371859,0.521865889212828,179,164,0.03617877445654314,0.037422667546221186,64.28079901243284,57.24080695576635
umafall,probe,20260724,0.66,0.8994974874371859,0.5264705882352941,179,161,0.03591148628400433,0.037078826253174164,63.327433112520964,56.193719023648676
umafall,probe,20260724,0.67,0.8994974874371859,0.5375375375375375,179,154,0.03461211870713049,0.03580279301008856,59.91482164896364,53.75051384870743
umafall,probe,20260724,0.68,0.8994974874371859,0.5375375375375375,179,154,0.03415803378541005,0.03538508951334996,59.92494541502547,53.75051384870743
umafall,probe,20260724,0.6900000000000001,0.8994974874371859,0.540785498489426,179,152,0.033821169794849525,0.03484258436209799,59.56671076772551,53.052455227295646
umafall,probe,20260724,0.7000000000000001,0.8994974874371859,0.5457317073170732,179,149,0.03268807830686632,0.03403264709403168,57.33758445119747,52.00536729517797
umafall,probe,20260724,0.7100000000000001,0.8994974874371859,0.5541795665634675,179,144,0.03243616964987844,0.03375757405959407,54.987736593738816,50.2602207416485
umafall,probe,20260724,0.72,0.8994974874371859,0.5646687697160884,179,138,0.03196725208445015,0.03332968267269111,53.23920139719276,48.16604487741315
umafall,probe,20260724,0.73,0.8994974874371859,0.5682539682539682,179,136,0.031632765816798684,0.03340863882146487,51.67755977032388,47.46798625600137
umafall,probe,20260724,0.74,0.8994974874371859,0.5718849840255591,179,134,0.031264498765088244,0.033092814226369824,51.19980938774239,46.769927634589585
umafall,probe,20260724,0.75,0.8994974874371859,0.5888157894736842,179,125,0.030560336184634204,0.032519745404624795,48.20932164002514,43.62866383823655
umafall,probe,20260724,0.76,0.8944723618090452,0.5874587458745875,178,125,0.03005751184546913,0.03211222979805055,48.49818166911456,43.62866383823655
umafall,probe,20260724,0.77,0.8844221105527639,0.5866666666666667,176,124,0.029606032683272887,0.0317760294226268,48.22284172316487,43.27963452753066
umafall,probe,20260724,0.78,0.8793969849246231,0.5952380952380952,175,119,0.02908299271953158,0.031462751800072845,46.26680038555806,41.534487974001195
umafall,probe,20260724,0.79,0.8793969849246231,0.6055363321799307,175,114,0.028545179359042456,0.030981373989807017,42.458975242704184,39.789341420471736
umafall,probe,20260724,0.8,0.8793969849246231,0.6097560975609756,175,112,0.02823146886167649,0.030612062971349104,41.494764071970856,39.09128279905995
umafall,probe,20260724,0.81,0.8793969849246231,0.6140350877192983,175,110,0.027950270043347217,0.030433774893472876,41.03296208335922,38.393224177648165
umafall,probe,20260724,0.8200000000000001,0.8793969849246231,0.6227758007117438,175,106,0.026978554767472507,0.029511770833598645,38.490251673782595,36.99710693482459
umafall,probe,20260724,0.8300000000000001,0.8693467336683417,0.6200716845878136,173,106,0.026737956058927773,0.029088973391777864,38.13961772815367,36.99710693482459
umafall,probe,20260724,0.8400000000000001,0.8693467336683417,0.6223021582733813,173,105,0.025370765103445565,0.02841147869584818,38.64741963702635,36.6480776241187
umafall,probe,20260724,0.85,0.864321608040201,0.6346863468634686,172,99,0.02443775721622378,0.027464004910563063,35.32540425774076,34.553901759883345
umafall,probe,20260724,0.86,0.864321608040201,0.6394052044609665,172,97,0.023634127474323592,0.026585299383887345,34.75883774714023,33.85584313847156
umafall,probe,20260724,0.87,0.8592964824120602,0.6452830188679245,171,94,0.02313783823031256,0.026165048914607653,33.916081091210025,32.80875520635389
umafall,probe,20260724,0.88,0.8592964824120602,0.6551724137931034,171,90,0.022655374280242287,0.02554358761458193,31.62474707523203,31.412637963530315
umafall,probe,20260724,0.89,0.8542713567839196,0.6589147286821705,170,88,0.022256188932350537,0.025235403937110157,30.843065404768026,30.71457934211853
umafall,probe,20260724,0.9,0.8391959798994975,0.6626984126984127,167,85,0.02119895288681353,0.02419878611288692,28.994194471573877,29.667491410000853
umafall,probe,20260724,0.91,0.8391959798994975,0.668,167,83,0.020618812588263435,0.023735237110408713,27.820973889845742,28.96943278858907
umafall,probe,20260724,0.92,0.8291457286432161,0.6762295081967213,165,79,0.02111297395316372,0.023671562796881488,27.315431777655142,27.5733155457655
umafall,probe,20260724,0.93,0.8291457286432161,0.6846473029045643,165,76,0.020461496251144132,0.022940581677588934,24.19915859959293,26.526227613647823
umafall,probe,20260724,0.9400000000000001,0.8190954773869347,0.690677966101695,163,73,0.020011891012880357,0.022227429366084007,23.555460240281448,25.479139681530146
umafall,probe,20260724,0.9500000000000001,0.8140703517587939,0.6952789699570815,162,71,0.018429646996257484,0.02055152143404742,23.351586544415635,24.78108106011836
umafall,probe,20260724,0.9600000000000001,0.8040201005025126,0.7111111111111111,160,65,0.016824805688944202,0.018946928733161332,20.501187388492653,22.686905195883007
umafall,probe,20260724,0.97,0.7939698492462312,0.7247706422018348,158,60,0.016011877971471824,0.017805885034753444,19.505846959315537,20.941758642353545
umafall,probe,20260724,0.98,0.7487437185929648,0.7376237623762376,149,53,0.01395404012895454,0.016295530317887646,17.151993719403333,18.498553467412297
umafall,probe,20260724,0.99,0.7035175879396985,0.7650273224043715,140,43,0.009871322394869991,0.012490353341500627,12.15489208955467,15.008260360353374
umafall,event_mil,20260724,0.01,0.9798994974874372,0.1813953488372093,195,880,0.37286127310380135,0.32056451099400696,317.35001173020987,307.1457934211853
umafall,event_mil,20260724,0.02,0.9748743718592965,0.19303482587064677,194,811,0.2883116752547162,0.24896656589145313,312.6303093109097,283.06277098247875
umafall,event_mil,20260724,0.03,0.964824120603015,0.20667384284176535,192,737,0.2497554732994999,0.2164289916790407,291.17995872750276,257.2346019902427
umafall,event_mil,20260724,0.04,0.9597989949748744,0.2143658810325477,191,700,0.21320225899603037,0.1903225231328781,282.37364337094715,244.3205174941247
umafall,event_mil,20260724,0.05,0.9547738693467337,0.2199074074074074,190,674,0.1911478969238869,0.17048160703779452,271.9139357356282,235.24575541577147
umafall,event_mil,20260724,0.060000000000000005,0.9547738693467337,0.2289156626506024,190,640,0.1700568000667984,0.15203643189522772,257.7593316109621,223.37875885177112
umafall,event_mil,20260724,0.06999999999999999,0.9447236180904522,0.2388818297331639,188,599,0.1588548942014074,0.14310165222108742,245.7922864980482,209.06855711282955
umafall,event_mil,20260724,0.08,0.9447236180904522,0.24769433465085638,188,571,0.14349957818878945,0.1302317999709645,237.28500790853582,199.29573641306456
umafall,event_mil,20260724,0.09,0.9396984924623115,0.25972222222222224,187,533,0.13227055581136868,0.12076725000827766,220.83592354278875,186.03262260624064
umafall,event_mil,20260724,0.09999999999999999,0.9396984924623115,0.276218611521418,187,490,0.12300017896350605,0.11275956833909373,202.10203925799013,171.0243622458873
umafall,event_mil,20260724,0.11,0.9346733668341709,0.2826747720364742,186,472,0.11682111294156367,0.10725301370525925,193.71863387347958,164.7418346531812
umafall,event_mil,20260724,0.12,0.9346733668341709,0.2938388625592417,186,447,0.11079653349142397,0.10180249246732871,184.368625066185,156.0161018855339
umafall,event_mil,20260724,0.13,0.9296482412060302,0.30179445350734097,185,428,0.1067314342576123,0.09808391255733873,176.94490737712346,149.38454498212195
umafall,event_mil,20260724,0.14,0.9296482412060302,0.3135593220338983,185,405,0.10339859187704434,0.0940928065854522,169.13630384415933,141.3568708358864
umafall,event_mil,20260724,0.15000000000000002,0.9296482412060302,0.31569965870307165,185,401,0.09620838836343294,0.08902687820122612,165.4215862070871,139.96075359306286
umafall,event_mil,20260724,0.16,0.9296482412060302,0.3257042253521127,185,383,0.0916443720432879,0.0863372751978361,157.37647692094006,133.6782260003568
umafall,event_mil,20260724,0.17,0.9296482412060302,0.3375912408759124,185,363,0.08864617353878101,0.08345155530878222,149.4739984814313,126.69763978623894
umafall,event_mil,20260724,0.18000000000000002,0.9296482412060302,0.3419593345656192,185,356,0.08615192094074614,0.0802958563303729,145.99936605248053,124.2544346112977
umafall,event_mil,20260724,0.19,0.9296482412060302,0.3483992467043315,185,346,0.08177453762086644,0.07724203625360715,140.22622782242394,120.76414150423876
umafall,event_mil,20260724,0.2,0.9296482412060302,0.3523809523809524,185,340,0.07815151744278732,0.07436905122725872,138.6021277752802,118.66996564000341
umafall,event_mil,20260724,0.21000000000000002,0.9246231155778895,0.35658914728682173,184,332,0.07554796113446152,0.07196216217592959,136.56585446393865,115.87773115435628
umafall,event_mil,20260724,0.22,0.9246231155778895,0.36363636363636365,184,322,0.0730129735210091,0.06974629606518212,132.79234779350173,112.38743804729735
umafall,event_mil,20260724,0.23,0.9246231155778895,0.36507936507936506,184,320,0.07026586451322737,0.06711527343023714,130.03770511110903,111.68937942588556
umafall,event_mil,20260724,0.24000000000000002,0.9246231155778895,0.368,184,316,0.06814969870571817,0.06560491871337135,129.13382429534937,110.293262183062
umafall,event_mil,20260724,0.25,0.9246231155778895,0.37474541751527496,184,307,0.06672040485505785,0.0644103885916006,126.16810574890833,107.15199838670897
umafall,event_mil,20260724,0.26,0.9246231155778895,0.38413361169102295,184,295,0.0647380413117348,0.06291531570998134,120.08112239717055,102.96364665823826
umafall,event_mil,20260724,0.27,0.9246231155778895,0.38493723849372385,184,294,0.06066415448999076,0.06005251857379726,120.12133055909555,102.61461734753236
umafall,event_mil,20260724,0.28,0.9246231155778895,0.39316239316239315,184,284,0.059593586334174345,0.05932917837212798,115.27998700782442,99.12432424047344
umafall,event_mil,20260724,0.29000000000000004,0.9246231155778895,0.3956989247311828,184,281,0.05697434730398526,0.05769147502820773,114.2659022891686,98.07723630835577
umafall,event_mil,20260724,0.3,0.9195979899497487,0.3961038961038961,183,279,0.05550682675574295,0.05675418913308696,113.65883544323759,97.37917768694398
umafall,event_mil,20260724,0.31,0.9195979899497487,0.39869281045751637,183,276,0.05414422364996523,0.05542721643917957,112.13593221849914,96.3320897548263
umafall,event_mil,20260724,0.32,0.9195979899497487,0.40308370044052866,183,271,0.05318505910551146,0.05430400154855931,108.14015934696238,94.58694320129685
umafall,event_mil,20260724,0.33,0.914572864321608,0.4008810572687225,182,272,0.05110903654288271,0.052332644801756395,106.9407160082226,94.93597251200273
umafall,event_mil,20260724,0.34,0.914572864321608,0.4053452115812918,182,267,0.05173065155870027,0.05171373047427176,102.19814914916572,93.19082595847327
umafall,event_mil,20260724,0.35000000000000003,0.914572864321608,0.4108352144469526,182,261,0.05082939994490556,0.05084775981030149,100.41864612738046,91.09665009423792
umafall,event_mil,20260724,0.36000000000000004,0.9095477386934674,0.4160919540229885,181,254,0.04994801719251108,0.050002164926659924,96.14760995602295,88.65344491929667
umafall,event_mil,20260724,0.37,0.9095477386934674,0.419953596287703,181,250,0.048647046471179255,0.04877961810693719,93.91352313442057,87.2573276764731
umafall,event_mil,20260724,0.38,0.9095477386934674,0.4238875878220141,181,246,0.04804076317305759,0.04807920065813771,93.17555991226145,85.86121043364953
umafall,event_mil,20260724,0.39,0.9095477386934674,0.42789598108747046,181,242,0.04760937122828411,0.04741953476999564,92.02397155317189,84.46509319082597
umafall,event_mil,20260724,0.4,0.9095477386934674,0.43614457831325304,181,234,0.046225117529408645,0.04641093364372439,90.16943991031185,81.67285870517883
umafall,event_mil,20260724,0.41000000000000003,0.9095477386934674,0.43719806763285024,181,233,0.04478725866126179,0.04514508829080314,90.40737288143664,81.32382939447292
umafall,event_mil,20260724,0.42000000000000004,0.9045226130653267,0.4411764705882353,180,228,0.044201609209267356,0.04461022405717444,87.0747155565976,79.57868284094347
umafall,event_mil,20260724,0.43,0.9045226130653267,0.45112781954887216,180,219,0.04361516853646417,0.04434533891290118,82.52819989642985,76.43741904459044
umafall,event_mil,20260724,0.44,0.9045226130653267,0.45454545454545453,180,216,0.041777273040532636,0.043219577049739825,80.13750684647506,75.39033111247277
umafall,event_mil,20260724,0.45,0.9045226130653267,0.4580152671755725,180,213,0.04045377674508566,0.04183402398738739,78.64172664186235,74.34324318035509
umafall,event_mil,20260724,0.46,0.9045226130653267,0.4639175257731959,180,208,0.03880727334666704,0.040955318460711675,77.74313984126353,72.59809662682562
umafall,event_mil,20260724,0.47000000000000003,0.9045226130653267,0.4699738903394256,180,203,0.037658914030353575,0.03976078833894092,76.30246820634483,70.85295007329616
umafall,event_mil,20260724,0.48000000000000004,0.9045226130653267,0.47368421052631576,180,200,0.03688778524157297,0.03886680097701867,75.96492712207302,69.80586214117848
umafall,event_mil,20260724,0.49,0.9045226130653267,0.48,180,195,0.035985699054217835,0.03796771967001424,73.0008842649548,68.06071558764901
umafall,event_mil,20260724,0.5,0.9045226130653267,0.4878048780487805,180,189,0.03553866431735635,0.03748379488720732,70.80436078191629,65.96653972341366
umafall,event_mil,20260724,0.51,0.9045226130653267,0.49586776859504134,180,183,0.03465099391251813,0.03666621670151774,69.30427128657027,63.87236385917831
umafall,event_mil,20260724,0.52,0.9045226130653267,0.5027932960893855,180,178,0.034134554414367996,0.03619757375395736,67.39321151554327,62.12721730564885
umafall,event_mil,20260724,0.53,0.9045226130653267,0.5084745762711864,180,174,0.03353036369897605,0.03580024603754747,65.71520979423991,60.73110006282528
umafall,event_mil,20260724,0.54,0.8994974874371859,0.5085227272727273,179,173,0.03332213396211921,0.03550225025024006,65.31023034694687,60.38207075211938
umafall,event_mil,20260724,0.55,0.8994974874371859,0.5173410404624278,179,167,0.03281641503656909,0.034684672064550476,63.44871924595537,58.28789488788403
umafall,event_mil,20260724,0.56,0.8944723618090452,0.5189504373177842,178,165,0.0325409880748845,0.03441723994773613,62.76834143861123,57.58983626647225
umafall,event_mil,20260724,0.5700000000000001,0.8944723618090452,0.5235294117647059,178,162,0.0324158910108831,0.034531853712085135,60.951074664699874,56.54274833435457
umafall,event_mil,20260724,0.5800000000000001,0.8944723618090452,0.5297619047619048,178,158,0.032086789947719234,0.03430262618338712,59.71224505277646,55.146631091531
umafall,event_mil,20260724,0.59,0.8894472361809045,0.5347432024169184,177,154,0.03178393359836246,0.0339587848903401,58.450219100244375,53.75051384870743
umafall,event_mil,20260724,0.6,0.8894472361809045,0.5412844036697247,177,150,0.03081036606882157,0.03315394156735597,57.62841687001903,52.35439660588386
umafall,event_mil,20260724,0.61,0.8894472361809045,0.5479876160990712,177,146,0.030592885662666294,0.03275916082348716,56.69748920438227,50.95827936306029
umafall,event_mil,20260724,0.62,0.8894472361809045,0.5496894409937888,177,145,0.029789834294199423,0.03260888944356291,56.29250975708921,50.6092500523544
umafall,event_mil,20260724,0.63,0.8894472361809045,0.5566037735849056,177,141,0.02928748138637971,0.032366927052159454,53.98752601753442,49.213132809530826
umafall,event_mil,20260724,0.64,0.8894472361809045,0.5619047619047619,177,138,0.027818549444976037,0.03163339896032581,53.104796187659886,48.16604487741315
umafall,event_mil,20260724,0.65,0.8894472361809045,0.5654952076677316,177,136,0.02740049154395486,0.031365966843511464,52.53386876363684,47.46798625600137
umafall,event_mil,20260724,0.66,0.8894472361809045,0.5691318327974276,177,134,0.026822475681116415,0.030882042060704547,51.77954824545401,46.769927634589585
umafall,event_mil,20260724,0.67,0.8894472361809045,0.5728155339805825,177,132,0.026136100911393866,0.03025803378813773,50.96958935086791,46.071869013177796
umafall,event_mil,20260724,0.68,0.8894472361809045,0.5746753246753247,177,131,0.02580069833889194,0.02970024680163923,51.10085957497543,45.7228397024719
umafall,event_mil,20260724,0.6900000000000001,0.8894472361809045,0.5746753246753247,177,131,0.025211826309315895,0.029244338716784297,51.10085957497543,45.7228397024719
umafall,event_mil,20260724,0.7000000000000001,0.8894472361809045,0.5822368421052632,177,127,0.02482825341434584,0.029078785501613507,50.18841384714859,44.32672245964834
umafall,event_mil,20260724,0.7100000000000001,0.8844221105527639,0.5925925925925926,176,121,0.024186981554269932,0.0282204557552665,45.344887071107124,42.232546595412984
umafall,event_mil,20260724,0.72,0.8844221105527639,0.5945945945945946,176,120,0.02372160433971007,0.02764993390606256,45.05765776478185,41.88351728470709
umafall,event_mil,20260724,0.73,0.8743718592964824,0.5958904109589042,174,118,0.023392762070443773,0.027382501789248212,44.2494644645095,41.1854586632953
umafall,event_mil,20260724,0.74,0.8743718592964824,0.6083916083916084,174,112,0.022667732336581547,0.026903670951523476,40.19288532766677,39.09128279905995
umafall,event_mil,20260724,0.75,0.864321608040201,0.6164874551971327,172,107,0.022229687683737814,0.026503796262572495,37.87704456677962,37.34613624553049
umafall,event_mil,20260724,0.76,0.864321608040201,0.6120996441281139,172,109,0.021730491382424295,0.026078451848210626,38.44973758511641,38.04419486694227
umafall,event_mil,20260724,0.77,0.8592964824120602,0.6218181818181818,171,104,0.021540337423270228,0.025767721198197764,36.47080530884074,36.29904831341281
umafall,event_mil,20260724,0.78,0.8542713567839196,0.6273062730627307,170,101,0.021160423373012233,0.025220122101863623,33.55090718158017,35.251960381295135
umafall,event_mil,20260724,0.79,0.8492462311557789,0.6305970149253731,169,99,0.020917435950971414,0.02495268998504927,33.0984394339498,34.553901759883345
umafall,event_mil,20260724,0.8,0.8442211055276382,0.6387832699619772,168,95,0.020433341212253077,0.024532439515769583,30.876193212745402,33.15778451705978
umafall,event_mil,20260724,0.81,0.8442211055276382,0.6412213740458015,168,94,0.020869599215604332,0.024158034552229493,30.803422277456956,32.80875520635389
umafall,event_mil,20260724,0.8200000000000001,0.8391959798994975,0.6423076923076924,167,93,0.020346232567426414,0.023674109769422576,30.63941283100908,32.45972589564799
umafall,event_mil,20260724,0.8300000000000001,0.8341708542713567,0.6509803921568628,166,89,0.0200340948082502,0.023266594162848334,30.770419787407892,31.063608652824424
umafall,event_mil,20260724,0.8400000000000001,0.8341708542713567,0.6561264822134387,166,87,0.0196274443437584,0.022955863512835472,30.320946628948484,30.36555003141264
umafall,event_mil,20260724,0.85,0.8341708542713567,0.6535433070866141,166,88,0.01916559417047948,0.02242864019683004,30.800327734294143,30.71457934211853
umafall,event_mil,20260724,0.86,0.8291457286432161,0.66,165,85,0.018794179109716293,0.022079704958700843,28.601479644297708,29.667491410000853
umafall,event_mil,20260724,0.87,0.8291457286432161,0.6626506024096386,165,84,0.018296831828420443,0.02143022696072314,27.95286004982543,29.318462099294962
umafall,event_mil,20260724,0.88,0.8241206030150754,0.6693877551020408,164,81,0.017829433263053213,0.021150059981203343,26.977609967335987,28.271374167177285
umafall,event_mil,20260724,0.89,0.8241206030150754,0.6833333333333333,164,76,0.017674112714340072,0.021218828239812748,24.944467060945804,26.526227613647823
umafall,event_mil,20260724,0.9,0.8190954773869347,0.690677966101695,163,73,0.017012380369573473,0.020579538131999402,24.511695884043643,25.479139681530146
umafall,event_mil,20260724,0.91,0.8190954773869347,0.6936170212765957,163,72,0.01649956177434746,0.019672815907371705,23.022825192463205,25.13011037082425
umafall,event_mil,20260724,0.92,0.8140703517587939,0.6893617021276596,162,73,0.01527318902826176,0.018643839000771732,23.12062266356053,25.479139681530146
umafall,event_mil,20260724,0.93,0.8040201005025126,0.6956521739130435,160,70,0.01333013599001524,0.017271020801124744,22.610900133611096,24.43205174941247
umafall,event_mil,20260724,0.9400000000000001,0.7738693467336684,0.6936936936936937,154,68,0.013068274780478603,0.01657060335232526,22.286268356443227,23.733993128000684
umafall,event_mil,20260724,0.9500000000000001,0.7638190954773869,0.7069767441860465,152,63,0.01223758328396333,0.015406636901047571,19.377884041777783,21.98884657447122
umafall,event_mil,20260724,0.9600000000000001,0.7336683417085427,0.7227722772277227,146,56,0.011455804279956535,0.014606887523145614,16.41679084529891,19.545641399529973
umafall,event_mil,20260724,0.97,0.7135678391959799,0.7395833333333334,142,50,0.010663418895565109,0.013448015016950105,14.524319603665854,17.45146553529462
umafall,event_mil,20260724,0.98,0.6733668341708543,0.7486033519553073,134,45,0.009091945067728572,0.011568349281626396,12.891360289962549,15.706318981765158
umafall,event_mil,20260724,0.99,0.6030150753768844,0.7643312101910829,120,37,0.007582641917740325,0.009181836010625971,9.709714162403879,12.914084496118019
umafall,lebref,20260724,0.01,0.9798994974874372,0.17824497257769653,195,899,0.35974195209699805,0.31136994012067554,326.2265754669457,313.77735032459725
umafall,lebref,20260724,0.02,0.9748743718592965,0.19246031746031747,194,814,0.2768575625672479,0.24151921818130878,316.83799623669745,284.10985891459643
umafall,lebref,20260724,0.03,0.964824120603015,0.20622986036519872,192,739,0.23461189225869708,0.20748911805981818,293.3477852280626,257.9326606116545
umafall,lebref,20260724,0.04,0.9597989949748744,0.21364653243847875,191,703,0.20197706063735504,0.1810286203304442,281.35182537567124,245.36760542624236
umafall,lebref,20260724,0.05,0.9547738693467337,0.22379269729093051,190,659,0.1792725723154748,0.16110365414150468,266.9907235085991,230.0103157551831
umafall,lebref,20260724,0.060000000000000005,0.9547738693467337,0.23227383863080683,190,628,0.15813355474613158,0.14443371886007697,253.78158223109472,219.19040712330042
umafall,lebref,20260724,0.06999999999999999,0.9447236180904522,0.2438391699092088,188,583,0.14430759719228436,0.13252662223048575,235.897358211694,203.48408814153527
umafall,lebref,20260724,0.08,0.9447236180904522,0.25718194254445964,188,543,0.130657642189928,0.11999806430086876,222.2433526999469,189.52291571329957
umafall,lebref,20260724,0.09,0.9396984924623115,0.2706222865412446,187,504,0.12443951208254245,0.11415021534652835,205.07960797540744,175.91077259576977
umafall,lebref,20260724,0.09999999999999999,0.9396984924623115,0.281203007518797,187,478,0.11733651388871617,0.10743384875567656,195.05317676170864,166.83601051741655
umafall,lebref,20260724,0.11,0.9346733668341709,0.29017160686427457,186,455,0.10800728685919105,0.10179485154970544,186.82940590905613,158.80833637118104
umafall,lebref,20260724,0.12,0.9346733668341709,0.2995169082125604,186,435,0.10175544273452615,0.09669326554990412,179.40038985704402,151.8277501570632
umafall,lebref,20260724,0.13,0.9296482412060302,0.3073089700996678,185,417,0.0974929936156064,0.0924194456259567,171.53848816608703,145.54522256435712
umafall,lebref,20260724,0.14,0.9296482412060302,0.31896551724137934,185,395,0.09360484742112826,0.08846654424218653,162.91270676932183,137.8665777288275
umafall,lebref,20260724,0.15000000000000002,0.9296482412060302,0.3262786596119929,185,382,0.08829586662982461,0.08426913349447179,154.3906869976975,133.3291966896509
umafall,lebref,20260724,0.16,0.9296482412060302,0.3327338129496403,185,371,0.08551284561461955,0.08188516719601246,151.620071265989,129.4898742718861
umafall,lebref,20260724,0.17,0.9296482412060302,0.3451492537313433,185,351,0.0822874899085522,0.07860976050817196,143.39060427586995,122.50928805776823
umafall,lebref,20260724,0.18000000000000002,0.9296482412060302,0.3483992467043315,185,346,0.0796461010107849,0.07516880060516068,139.69954870130823,120.76414150423876
umafall,lebref,20260724,0.19,0.9296482412060302,0.35372848948374763,185,338,0.07587123424315174,0.0724002414529969,137.76620358259106,117.97190701859164
umafall,lebref,20260724,0.2,0.9246231155778895,0.36007827788649704,184,327,0.07255259704558137,0.06971063844960687,134.9503751526267,114.13258460082682
umafall,lebref,20260724,0.21000000000000002,0.9246231155778895,0.37474541751527496,184,307,0.070825605175532,0.06825886410118613,126.32315481538281,107.15199838670897
umafall,lebref,20260724,0.22,0.9246231155778895,0.3717171717171717,184,311,0.06790025883491663,0.0651999500793382,127.50598317358545,108.54811562953253
umafall,lebref,20260724,0.23,0.9246231155778895,0.37551020408163266,184,306,0.0637375196241644,0.0624568606525853,125.38568563700318,106.80296907600308
umafall,lebref,20260724,0.24000000000000002,0.9246231155778895,0.38095238095238093,184,299,0.06184674196378402,0.061415148883279896,118.87908870021197,104.35976390106183
umafall,lebref,20260724,0.25,0.9246231155778895,0.38413361169102295,184,295,0.05952124326252922,0.0597163181983735,118.76164189576792,102.96364665823826
umafall,lebref,20260724,0.26,0.9246231155778895,0.39065817409766457,184,287,0.058479783106229775,0.05845556679053444,114.79958203945864,100.17141217259112
umafall,lebref,20260724,0.27,0.9246231155778895,0.3948497854077253,184,282,0.056440431968000616,0.056876443815059234,114.41093857956366,98.42626561906165
umafall,lebref,20260724,0.28,0.9246231155778895,0.4,184,276,0.05460694565212558,0.055753228924438965,110.02547314174213,96.3320897548263
umafall,lebref,20260724,0.29000000000000004,0.9246231155778895,0.4017467248908297,184,274,0.05329185942931839,0.05489489917809196,107.30977708268286,95.63403113341452
umafall,lebref,20260724,0.3,0.9246231155778895,0.40618101545253865,184,269,0.05213140701100625,0.0536774463034514,103.82600275138516,93.88888457988506
umafall,lebref,20260724,0.31,0.9246231155778895,0.4125560538116592,184,262,0.05146376168354947,0.052653563341933614,100.27060510957187,91.4456794049438
umafall,lebref,20260724,0.32,0.9195979899497487,0.4103139013452915,183,263,0.04929689771730829,0.05018045300453616,100.36923088584203,91.7947087156497
umafall,lebref,20260724,0.33,0.9195979899497487,0.41496598639455784,183,258,0.0476149871543912,0.04860387700160205,97.37601433202617,90.04956216212024
umafall,lebref,20260724,0.34,0.914572864321608,0.41363636363636364,182,258,0.047202609572607704,0.04769715477697435,97.37777992633994,90.04956216212024
umafall,lebref,20260724,0.35000000000000003,0.914572864321608,0.41935483870967744,182,252,0.04683561153977289,0.04718521329621545,94.78903721553058,87.95538629788489
umafall,lebref,20260724,0.36000000000000004,0.9095477386934674,0.42488262910798125,181,245,0.04709745366067045,0.04737878320933822,91.2586756110055,85.51218112294364
umafall,lebref,20260724,0.37,0.9095477386934674,0.42789598108747046,181,242,0.04555951198929978,0.04642112153388874,90.07267128207509,84.46509319082597
umafall,lebref,20260724,0.38,0.9095477386934674,0.43825665859564167,181,232,0.04465397443521185,0.045175651961296207,87.05127867918175,80.97480008376704
umafall,lebref,20260724,0.39,0.9095477386934674,0.4458128078817734,181,225,0.04321266318443767,0.04411611138420317,84.50188684535753,78.5315949088258
umafall,lebref,20260724,0.4,0.9095477386934674,0.44801980198019803,181,223,0.04189271338518733,0.04304383594440468,83.62377744513876,77.833536287414
umafall,lebref,20260724,0.41000000000000003,0.9045226130653267,0.45,180,220,0.041214847331132315,0.04247076712265965,82.48973837697874,76.78644835529633
umafall,lebref,20260724,0.42000000000000004,0.9045226130653267,0.45918367346938777,180,212,0.040524935248457704,0.04203268784559234,79.09442340346381,73.99421386964919
umafall,lebref,20260724,0.43,0.9045226130653267,0.4675324675324675,180,205,0.03965320702168575,0.04119218690703296,75.08302965767325,71.55100869470795
umafall,lebref,20260724,0.44,0.9045226130653267,0.47244094488188976,180,201,0.03861334650362507,0.04039753147421318,72.35680824751596,70.15489145188437
umafall,lebref,20260724,0.45,0.9045226130653267,0.47745358090185674,180,197,0.03764940416922439,0.03949845016720875,71.76113642965302,68.7587742090608
umafall,lebref,20260724,0.46,0.9045226130653267,0.4878048780487805,180,189,0.03619458657400413,0.03862229161307412,69.45279187239252,65.96653972341366
umafall,lebref,20260724,0.47000000000000003,0.9045226130653267,0.4891304347826087,180,188,0.035412068551457565,0.03788876352124048,68.63943666072852,65.61751041270777
umafall,lebref,20260724,0.48000000000000004,0.9045226130653267,0.49586776859504134,180,183,0.03508248782895783,0.03726475524867366,66.52091036616126,63.87236385917831
umafall,lebref,20260724,0.49,0.9045226130653267,0.5013927576601671,180,179,0.03477256423722055,0.036933648818332096,65.23451466664696,62.47624661635474
umafall,lebref,20260724,0.5,0.9045226130653267,0.5042016806722689,180,177,0.03424338578528749,0.036378408804374686,64.85922281989002,61.778187994942954
umafall,lebref,20260724,0.51,0.9045226130653267,0.5113636363636364,180,172,0.03412967972174008,0.03621794953428607,63.17888909427626,60.033041441413495
umafall,lebref,20260724,0.52,0.8994974874371859,0.5128939828080229,179,170,0.033745799307483386,0.035937782554766276,63.97030655087658,59.334982820001706
umafall,lebref,20260724,0.53,0.8994974874371859,0.5173410404624278,179,167,0.03307457656608599,0.035308680337117294,62.995056468387126,58.28789488788403
umafall,lebref,20260724,0.54,0.8994974874371859,0.518840579710145,179,166,0.032494040810330305,0.03471014178996136,62.709592756375606,57.93886557717814
umafall,lebref,20260724,0.55,0.8994974874371859,0.5233918128654971,179,163,0.03160608793518285,0.03400717736862079,61.84666320912713,56.891777645060465
umafall,lebref,20260724,0.56,0.8994974874371859,0.5264705882352941,179,161,0.03145366150139081,0.033882375714107425,61.15687683864922,56.193719023648676
umafall,lebref,20260724,0.5700000000000001,0.8944723618090452,0.5329341317365269,178,156,0.03060160654147397,0.033614943597293084,58.68580230130346,54.44857247011922
umafall,lebref,20260724,0.5800000000000001,0.8894472361809045,0.5347432024169184,177,154,0.030069642196828908,0.033258367441540614,56.95594127899713,53.75051384870743
umafall,lebref,20260724,0.59,0.8894472361809045,0.5429447852760736,177,149,0.029770255142464067,0.03270822137266539,55.41466507775773,52.00536729517797
umafall,lebref,20260724,0.6,0.8894472361809045,0.5479876160990712,177,146,0.029149988710420394,0.03224976631526936,54.64968538885097,50.95827936306029
umafall,lebref,20260724,0.61,0.8894472361809045,0.554858934169279,177,142,0.028782585204304906,0.03181678098328422,52.34022051013912,49.56216212023672
umafall,lebref,20260724,0.62,0.8894472361809045,0.560126582278481,177,139,0.028105058560082982,0.03134813803572384,51.550540184247005,48.515074188119044
umafall,lebref,20260724,0.63,0.8894472361809045,0.5636942675159236,177,137,0.027011828263583365,0.030991561879971374,52.488889557957506,47.81701556670726
umafall,lebref,20260724,0.64,0.8894472361809045,0.5673076923076923,177,135,0.02627526622497687,0.030433774893472876,50.86325266578948,47.11895694529547
umafall,lebref,20260724,0.65,0.8894472361809045,0.5728155339805825,177,132,0.025631233578901937,0.029690058911474877,49.80686325279863,46.071869013177796
umafall,lebref,20260724,0.66,0.8894472361809045,0.5765472312703583,177,130,0.02502881895229133,0.02925962055203083,49.343295669873235,45.373810391766014
umafall,lebref,20260724,0.67,0.8894472361809045,0.580327868852459,177,128,0.024847158399184298,0.029167929540551626,48.993419194321355,44.675751770354225
umafall,lebref,20260724,0.68,0.8894472361809045,0.5841584158415841,177,126,0.02439100351505094,0.028696739620450155,46.38813128088761,43.97769314894244
umafall,lebref,20260724,0.6900000000000001,0.8894472361809045,0.59,177,123,0.024131828724714678,0.028470059064293233,45.53833272228738,42.930605216824766
umafall,lebref,20260724,0.7000000000000001,0.8844221105527639,0.5925925925925926,176,121,0.023665658780536142,0.027772188588034832,44.46723738432185,42.232546595412984
umafall,lebref,20260724,0.7100000000000001,0.8844221105527639,0.6006825938566553,176,117,0.023349433985897686,0.027560789867124444,41.82363444575186,40.83642935258941
umafall,lebref,20260724,0.72,0.8844221105527639,0.6048109965635738,176,115,0.022497831627106227,0.026916405814228918,41.34588406317037,40.13837073117762
umafall,lebref,20260724,0.73,0.8743718592964824,0.6083916083916084,174,112,0.022149599510717315,0.02635861882773042,38.860873330089106,39.09128279905995
umafall,lebref,20260724,0.74,0.8743718592964824,0.6148409893992933,174,109,0.021900008097909457,0.02598166689164924,38.106017407244174,38.04419486694227
umafall,lebref,20260724,0.75,0.8693467336683417,0.6178571428571429,173,107,0.02148537191688608,0.025676030186718556,37.628923813489315,37.34613624553049
umafall,lebref,20260724,0.76,0.8542713567839196,0.6159420289855072,170,106,0.02113972679199609,0.02535765861908243,37.572101272170734,36.99710693482459
umafall,lebref,20260724,0.77,0.8492462311557789,0.6259259259259259,169,101,0.02089435917509769,0.025054568886692833,33.25520742343509,35.251960381295135
umafall,lebref,20260724,0.78,0.8492462311557789,0.6282527881040892,169,100,0.020547833172776125,0.024621583554707695,32.357033342077614,34.90293107058924
umafall,lebref,20260724,0.79,0.8442211055276382,0.631578947368421,168,98,0.020147640084685017,0.02428028923420177,31.685453176258193,34.20487244917746
umafall,lebref,20260724,0.8,0.8442211055276382,0.6363636363636364,168,96,0.02073074418014223,0.024017951062469598,31.308793095333908,33.50681382776567
umafall,lebref,20260724,0.81,0.8341708542713567,0.640926640926641,166,93,0.02024249522039786,0.023523838389498324,31.53341880378588,32.45972589564799
umafall,lebref,20260724,0.8200000000000001,0.8341708542713567,0.6434108527131783,166,92,0.02007910796783214,0.023230936547273085,32.513591742328664,32.110696584942104
umafall,lebref,20260724,0.8300000000000001,0.8341708542713567,0.6509803921568628,166,89,0.019716098468888266,0.022983880210787448,31.944644990834405,31.063608652824424
umafall,lebref,20260724,0.8400000000000001,0.8341708542713567,0.6613545816733067,166,85,0.018813575292744925,0.02231912037756321,30.92071321972447,29.667491410000853
umafall,lebref,20260724,0.85,0.8341708542713567,0.6666666666666666,166,83,0.01857778808548265,0.0219268866062355,30.63753701930375,28.96943278858907
umafall,lebref,20260724,0.86,0.8341708542713567,0.6693548387096774,166,82,0.018153663168799586,0.02143277393326423,28.79803238209438,28.620403477883176
umafall,lebref,20260724,0.87,0.8190954773869347,0.6680327868852459,163,81,0.017676470331085596,0.021114402365628098,27.214219054758654,28.271374167177285
umafall,lebref,20260724,0.88,0.8190954773869347,0.6735537190082644,163,79,0.017273555252144312,0.02073490345700583,26.855984407458685,27.5733155457655
umafall,lebref,20260724,0.89,0.8090452261306532,0.6822033898305084,161,75,0.01657120642673096,0.02050822290084891,25.280071890028314,26.17719830294193
umafall,lebref,20260724,0.9,0.8090452261306532,0.6851063829787234,161,74,0.015225097346188484,0.019372273147523197,23.170132657353847,25.828168992236037
umafall,lebref,20260724,0.91,0.8090452261306532,0.696969696969697,161,70,0.014796880035314089,0.018615822302819753,22.293348839551875,24.43205174941247
umafall,lebref,20260724,0.92,0.8040201005025126,0.6926406926406926,160,71,0.013560790529259313,0.017082544833084155,22.137004185858114,24.78108106011836
umafall,lebref,20260724,0.93,0.7939698492462312,0.6991150442477876,158,68,0.01268515881753988,0.016326093988380714,21.79917564471125,23.733993128000684
umafall,lebref,20260724,0.9400000000000001,0.7738693467336684,0.7,154,66,0.012747060172465931,0.016099413432223788,21.476309461857124,23.035934506588898
umafall,lebref,20260724,0.9500000000000001,0.7587939698492462,0.7156398104265402,151,60,0.011879208249818397,0.015139204784233222,18.478928523508966,20.941758642353545
umafall,lebref,20260724,0.9600000000000001,0.7336683417085427,0.7336683417085427,146,53,0.011185839886279797,0.014260499257557506,15.031399404124762,18.498553467412297
umafall,lebref,20260724,0.97,0.7085427135678392,0.7305699481865285,141,52,0.009973737369754428,0.01256421554519221,15.176361772786496,18.149524156706406
umafall,lebref,20260724,0.98,0.6532663316582915,0.7514450867052023,130,43,0.008942026547756108,0.011280541384483336,12.533125642662583,15.008260360353374
umafall,lebref,20260724,0.99,0.5979899497487438,0.7677419354838709,119,36,0.0073358875761542165,0.008825259854873506,9.38345166247185,12.565055185412126
