dataset,seed,intensity_tercile,n_subjects,probe_mean_duty,lebref_mean_duty,mean_delta_duty,delta_ci_low,delta_ci_high,q1,q2
smartfallmm,20260724,low,19,0.022706348282712247,0.018956373280272873,-0.003749975002439372,-0.009259185746092755,7.86116684447933e-05,1.5465864277059855,1.917167136455268
smartfallmm,20260724,middle,18,0.029879936865140913,0.023056269458396894,-0.006823667406744021,-0.012662183814524379,-0.00196842176135722,1.5465864277059855,1.917167136455268
smartfallmm,20260724,high,19,0.06490935524376802,0.05298321820974493,-0.011926137034023098,-0.02527801684475893,-0.0009707256292311128,1.5465864277059855,1.917167136455268
smartfallmm,20260725,low,19,0.022706348282712247,0.019108173449868808,-0.003598174832843437,-0.008243266430040676,-0.0005224529796281607,1.5465864277059855,1.917167136455268
smartfallmm,20260725,middle,18,0.029879936865140913,0.02609762289787471,-0.0037823139672662023,-0.009319487555565678,0.0010764064573729913,1.5465864277059855,1.917167136455268
smartfallmm,20260725,high,19,0.06490935524376802,0.05651007641237881,-0.008399278831389224,-0.021974691629364322,0.0022638388545905127,1.5465864277059855,1.917167136455268
smartfallmm,20260726,low,19,0.022706348282712247,0.021236878891197675,-0.001469469391514572,-0.006386011843891899,0.002232463702613609,1.5465864277059855,1.917167136455268
smartfallmm,20260726,middle,18,0.029879936865140913,0.02594460039093889,-0.003935336474202022,-0.00890915142885486,0.0002361356645771309,1.5465864277059855,1.917167136455268
smartfallmm,20260726,high,19,0.06490935524376802,0.05596505238902065,-0.008944302854747375,-0.02223410163900338,0.0011413621801326316,1.5465864277059855,1.917167136455268
umafall,20260724,low,7,0.019079124573257198,0.011868901789331024,-0.007210222783926174,-0.015716600320196054,-0.0004131687145840831,1.3971087584053064,1.7363734599814515
umafall,20260724,middle,6,0.03419473381625352,0.02994467481091147,-0.0042500590053420545,-0.008323228801896856,-0.0009951105452416238,1.3971087584053064,1.7363734599814515
umafall,20260724,high,6,0.09399758002185148,0.06726729762913607,-0.026730282392715413,-0.05183465467751256,-0.0032335801355785985,1.3971087584053064,1.7363734599814515
umafall,20260725,low,7,0.019079124573257198,0.012945594125756809,-0.006133530447500392,-0.01468466037220447,0.0002477621694764493,1.3971087584053064,1.7363734599814515
umafall,20260725,middle,6,0.03419473381625352,0.03076434434287525,-0.003430389473378275,-0.00787915902006274,-0.00020119565920012918,1.3971087584053064,1.7363734599814515
umafall,20260725,high,6,0.09399758002185148,0.07049795394294005,-0.02349962607891143,-0.050474171062466815,0.0023703264830692585,1.3971087584053064,1.7363734599814515
umafall,20260726,low,7,0.019079124573257198,0.010502929735396174,-0.008576194837861026,-0.017918139778979953,-0.0009534858050093228,1.3971087584053064,1.7363734599814515
umafall,20260726,middle,6,0.03419473381625352,0.029582333336013792,-0.004612400480239733,-0.009711185569917574,-3.9893842285920744e-05,1.3971087584053064,1.7363734599814515
umafall,20260726,high,6,0.09399758002185148,0.06881974044222432,-0.02517783957962716,-0.051788254851419,9.970195503253259e-05,1.3971087584053064,1.7363734599814515
