dataset,method,seed,setting,region,n_subjects,mean_abs_gradient_share,grad_ci_low,grad_ci_high,mean_window_share,window_ci_low,window_ci_high
smartfallmm,event_mil,20260724,hf0.01_sf0.40_mr5,hard_trigger,56,0.37247481865703197,0.3523670405071843,0.39240254920208717,0.03140779750017519,0.024311124585620056,0.04165688914776831
smartfallmm,event_mil,20260724,hf0.01_sf0.40_mr5,remaining_background,56,0.3516594883335456,0.312930385928079,0.3906519585266083,0.8402064224961563,0.8126027015275565,0.8661148034907181
smartfallmm,event_mil,20260724,hf0.01_sf0.40_mr5,sustained_activation,56,0.27586569300942243,0.2285257752948022,0.32502794724735234,0.1283857800036686,0.10157906581993552,0.15739029631180868
smartfallmm,event_mil,20260724,hf0.01_sf0.50_mr10,hard_trigger,56,0.37247481865703197,0.3523670405071843,0.39240254920208717,0.03140779750017519,0.024311124585620056,0.04165688914776831
smartfallmm,event_mil,20260724,hf0.01_sf0.50_mr10,remaining_background,56,0.45964087055498953,0.42742381715729194,0.49059481919494424,0.895604385853544,0.8745466084495652,0.9144328295389461
smartfallmm,event_mil,20260724,hf0.01_sf0.50_mr10,sustained_activation,56,0.1678843107879784,0.1301497778304292,0.20873260483402184,0.07298781664628093,0.05400189393455303,0.09419457846741389
smartfallmm,event_mil,20260724,hf0.01_sf0.50_mr3,hard_trigger,56,0.37247481865703197,0.3523670405071843,0.39240254920208717,0.03140779750017519,0.024311124585620056,0.04165688914776831
smartfallmm,event_mil,20260724,hf0.01_sf0.50_mr3,remaining_background,56,0.350571521050275,0.3120297340660166,0.3895889209482284,0.8554632601188351,0.8306994731008812,0.8784666238341478
smartfallmm,event_mil,20260724,hf0.01_sf0.50_mr3,sustained_activation,56,0.276953660292693,0.23045117040055377,0.32492940606992743,0.11312894238098972,0.08953184644622904,0.13890639702812524
smartfallmm,event_mil,20260724,hf0.01_sf0.60_mr5,hard_trigger,56,0.37247481865703197,0.3523670405071843,0.39240254920208717,0.03140779750017519,0.024311124585620056,0.04165688914776831
smartfallmm,event_mil,20260724,hf0.01_sf0.60_mr5,remaining_background,56,0.4275257069420681,0.3950049779788958,0.4586967550489159,0.8926063195506827,0.8723532670417766,0.9108970820222063
smartfallmm,event_mil,20260724,hf0.01_sf0.60_mr5,sustained_activation,56,0.19999947440089996,0.1615963220157411,0.24089957198385725,0.07598588294914203,0.057957086534937724,0.09612405006481703
smartfallmm,event_mil,20260724,hf0.05_sf0.50_mr5,hard_trigger,56,0.6160094301844172,0.5955024194405185,0.6365344391346555,0.06760985678768183,0.0615383262143456,0.0768653769183785
smartfallmm,event_mil,20260724,hf0.05_sf0.50_mr5,remaining_background,56,0.258844131788592,0.23088090068331063,0.2873816552179659,0.8477521696165689,0.826011000072511,0.8676782202919948
smartfallmm,event_mil,20260724,hf0.05_sf0.50_mr5,sustained_activation,56,0.12514643802699074,0.10211867965544254,0.14978230047627555,0.08463797359574918,0.06455260617141,0.10639784212308767
smartfallmm,event_mil,20260724,primary,hard_trigger,56,0.37247481865703197,0.3523670405071843,0.39240254920208717,0.03140779750017519,0.024311124585620056,0.04165688914776831
smartfallmm,event_mil,20260724,primary,remaining_background,56,0.3887667072455428,0.35184933566565607,0.4252569374149052,0.8694204412794021,0.8460675150654032,0.8910439734317688
smartfallmm,event_mil,20260724,primary,sustained_activation,56,0.23875847409742526,0.19475761264533656,0.2851696371405347,0.09917176122042272,0.0769761156648012,0.1232429377996905
smartfallmm,event_mil,20260725,hf0.01_sf0.40_mr5,hard_trigger,56,0.3752947405936167,0.356642194128647,0.3944627997783802,0.03140779750017519,0.02422719407004652,0.04175436385377848
smartfallmm,event_mil,20260725,hf0.01_sf0.40_mr5,remaining_background,56,0.3583183678368757,0.3187292320218626,0.3968231328572564,0.8409230869676991,0.8127390202519379,0.8670229201027282
smartfallmm,event_mil,20260725,hf0.01_sf0.40_mr5,sustained_activation,56,0.2663868915695076,0.21995718696954206,0.31343268627821874,0.12766911553212565,0.10042171228985541,0.15702540033823967
smartfallmm,event_mil,20260725,hf0.01_sf0.50_mr10,hard_trigger,56,0.3752947405936167,0.356642194128647,0.3944627997783802,0.03140779750017519,0.02422719407004652,0.04175436385377848
smartfallmm,event_mil,20260725,hf0.01_sf0.50_mr10,remaining_background,56,0.46563810695381996,0.4322792578534134,0.49671411878820126,0.8965518189455742,0.8739957451113464,0.9163027744174194
smartfallmm,event_mil,20260725,hf0.01_sf0.50_mr10,sustained_activation,56,0.15906715245256328,0.1225071176175603,0.19902027416505558,0.07204038355425059,0.05174882414499877,0.09491846411869298
smartfallmm,event_mil,20260725,hf0.01_sf0.50_mr3,hard_trigger,56,0.3752947405936167,0.356642194128647,0.3944627997783802,0.03140779750017519,0.02422719407004652,0.04175436385377848
smartfallmm,event_mil,20260725,hf0.01_sf0.50_mr3,remaining_background,56,0.35780496502635933,0.31889584704833035,0.3963932813559871,0.8570711897373838,0.8312738497104664,0.8808672312904581
smartfallmm,event_mil,20260725,hf0.01_sf0.50_mr3,sustained_activation,56,0.26690029438002394,0.22114305987305052,0.31265961944666293,0.11152101276244096,0.08726665706034083,0.1380261216594228
smartfallmm,event_mil,20260725,hf0.01_sf0.60_mr5,hard_trigger,56,0.3752947405936167,0.356642194128647,0.3944627997783802,0.03140779750017519,0.02422719407004652,0.04175436385377848
smartfallmm,event_mil,20260725,hf0.01_sf0.60_mr5,remaining_background,56,0.43384904620207393,0.4007887056601693,0.46627765819170175,0.894371957339855,0.873599193726301,0.9131756593044628
smartfallmm,event_mil,20260725,hf0.01_sf0.60_mr5,sustained_activation,56,0.1908562132043094,0.15253431948673998,0.2309500175598129,0.07422024515996982,0.05549802413197299,0.09546729790683316
smartfallmm,event_mil,20260725,hf0.05_sf0.50_mr5,hard_trigger,56,0.6184143007703783,0.597146741685975,0.6403408316816488,0.06760985678768183,0.06154607283131997,0.07706457368314312
smartfallmm,event_mil,20260725,hf0.05_sf0.50_mr5,remaining_background,56,0.2631332653556844,0.23552378331299098,0.29162491487473324,0.8488661530247291,0.8261798342926143,0.8692981484308793
smartfallmm,event_mil,20260725,hf0.05_sf0.50_mr5,sustained_activation,56,0.11845243387393722,0.0956001262608125,0.14266219503030078,0.08352399018758884,0.06270303835948689,0.10648178626303163
smartfallmm,event_mil,20260725,primary,hard_trigger,56,0.3752947405936167,0.356642194128647,0.3944627997783802,0.03140779750017519,0.02422719407004652,0.04175436385377848
smartfallmm,event_mil,20260725,primary,remaining_background,56,0.39582923572855494,0.3587374957812423,0.43215056441917354,0.8708156063390119,0.8464918634251911,0.8930410016240086
smartfallmm,event_mil,20260725,primary,sustained_activation,56,0.22887602367782836,0.1857496708842641,0.27351290774695824,0.09777659616081287,0.07488688453757684,0.12275279691976398
smartfallmm,event_mil,20260726,hf0.01_sf0.40_mr5,hard_trigger,56,0.371446540840999,0.35080841035123317,0.392221983099532,0.03140779750017519,0.02432240026531894,0.04165999719156139
smartfallmm,event_mil,20260726,hf0.01_sf0.40_mr5,remaining_background,56,0.35362204534576147,0.3146610831216054,0.39212836886742597,0.8386472270886272,0.8091459371521295,0.8650707521836069
smartfallmm,event_mil,20260726,hf0.01_sf0.40_mr5,sustained_activation,56,0.27493141381323943,0.22612096115087923,0.32518188788148417,0.12994497541119765,0.1019582994005616,0.16043623809542107
smartfallmm,event_mil,20260726,hf0.01_sf0.50_mr10,hard_trigger,56,0.371446540840999,0.35080841035123317,0.392221983099532,0.03140779750017519,0.02432240026531894,0.04165999719156139
smartfallmm,event_mil,20260726,hf0.01_sf0.50_mr10,remaining_background,56,0.45391373997859613,0.4205270761273851,0.48547586313707286,0.8912631359093238,0.8679675967988939,0.9117031896143102
smartfallmm,event_mil,20260726,hf0.01_sf0.50_mr10,sustained_activation,56,0.1746397191804048,0.1343694587988284,0.21826512881316235,0.07732906659050102,0.05654174307809049,0.10092443783781126
smartfallmm,event_mil,20260726,hf0.01_sf0.50_mr3,hard_trigger,56,0.371446540840999,0.35080841035123317,0.392221983099532,0.03140779750017519,0.02432240026531894,0.04165999719156139
smartfallmm,event_mil,20260726,hf0.01_sf0.50_mr3,remaining_background,56,0.3513508696922046,0.31323948856620043,0.38933651930675695,0.8536615867666129,0.8271093400670704,0.8776022253513303
smartfallmm,event_mil,20260726,hf0.01_sf0.50_mr3,sustained_activation,56,0.2772025894667964,0.2294589666672432,0.32611416849062375,0.11493061573321198,0.09013673222451687,0.14272846131366443
smartfallmm,event_mil,20260726,hf0.01_sf0.60_mr5,hard_trigger,56,0.371446540840999,0.35080841035123317,0.392221983099532,0.03140779750017519,0.02432240026531894,0.04165999719156139
smartfallmm,event_mil,20260726,hf0.01_sf0.60_mr5,remaining_background,56,0.4297329326106703,0.39731528121897025,0.46125869628729754,0.8918094299795847,0.8699223221808544,0.9111336824316116
smartfallmm,event_mil,20260726,hf0.01_sf0.60_mr5,sustained_activation,56,0.19882052654833066,0.15809817696819767,0.2424008065167947,0.07678277252024014,0.05746523960761721,0.09900421345618339
smartfallmm,event_mil,20260726,hf0.05_sf0.50_mr5,hard_trigger,56,0.6160014936532454,0.5957727805099822,0.6372826643668739,0.06760985678768183,0.06155852846233504,0.07698367333701034
smartfallmm,event_mil,20260726,hf0.05_sf0.50_mr5,remaining_background,56,0.25849447694643585,0.23109605311955125,0.2868383952325802,0.846022544468544,0.8227802500042196,0.8667494775381266
smartfallmm,event_mil,20260726,hf0.05_sf0.50_mr5,sustained_activation,56,0.12550402940031874,0.10092913178896097,0.15108873593269886,0.0863675987437742,0.06543544803714034,0.11015203320184638
smartfallmm,event_mil,20260726,primary,hard_trigger,56,0.371446540840999,0.35080841035123317,0.392221983099532,0.03140779750017519,0.02432240026531894,0.04165999719156139
smartfallmm,event_mil,20260726,primary,remaining_background,56,0.39020341393593044,0.3540755671858452,0.4254099075894335,0.8676677260751312,0.8425757000421377,0.8900776055852417
smartfallmm,event_mil,20260726,primary,sustained_activation,56,0.23835004522307054,0.19315470980135702,0.28606297164745886,0.10092447642469361,0.07772564968490997,0.1270999138042367
smartfallmm,lebref,20260724,hf0.01_sf0.40_mr5,hard_trigger,56,0.37614358949610577,0.3568793023186261,0.39563263250357084,0.03140779750017519,0.024311124585620056,0.04165688914776831
smartfallmm,lebref,20260724,hf0.01_sf0.40_mr5,remaining_background,56,0.3609668280320773,0.3227970091130989,0.3992471729613808,0.8477785380795103,0.8202303117777908,0.8732077255538583
smartfallmm,lebref,20260724,hf0.01_sf0.40_mr5,sustained_activation,56,0.26288958247181693,0.21794599102810272,0.31052574248518144,0.12081366442031446,0.09508808171349661,0.1492093826873267
smartfallmm,lebref,20260724,hf0.01_sf0.50_mr10,hard_trigger,56,0.37614358949610577,0.3568793023186261,0.39563263250357084,0.03140779750017519,0.024311124585620056,0.04165688914776831
smartfallmm,lebref,20260724,hf0.01_sf0.50_mr10,remaining_background,56,0.4648087243842213,0.43231723576223813,0.4958275108947479,0.8993975389024804,0.8778312833463523,0.918914649501767
smartfallmm,lebref,20260724,hf0.01_sf0.50_mr10,sustained_activation,56,0.15904768611967293,0.12277165465772749,0.19930744671905146,0.06919466359734443,0.05029768308425839,0.09055623175722029
smartfallmm,lebref,20260724,hf0.01_sf0.50_mr3,hard_trigger,56,0.37614358949610577,0.3568793023186261,0.39563263250357084,0.03140779750017519,0.024311124585620056,0.04165688914776831
smartfallmm,lebref,20260724,hf0.01_sf0.50_mr3,remaining_background,56,0.3597425268445046,0.32144719048907866,0.39800683814083826,0.8623821802287134,0.8372377569602666,0.8852606648891254
smartfallmm,lebref,20260724,hf0.01_sf0.50_mr3,sustained_activation,56,0.26411388365938965,0.21972769222560706,0.310157736190161,0.1062100222711113,0.08302568552887975,0.1318121400109304
smartfallmm,lebref,20260724,hf0.01_sf0.60_mr5,hard_trigger,56,0.37614358949610577,0.3568793023186261,0.39563263250357084,0.03140779750017519,0.024311124585620056,0.04165688914776831
smartfallmm,lebref,20260724,hf0.01_sf0.60_mr5,remaining_background,56,0.4366249009841602,0.40294457248195054,0.46892368999748985,0.8974177001177485,0.8770126104312574,0.9157963462201775
smartfallmm,lebref,20260724,hf0.01_sf0.60_mr5,sustained_activation,56,0.18723150951973397,0.14900706942671738,0.22865832767223793,0.07117450238207632,0.05300767612951172,0.09162534662553241
smartfallmm,lebref,20260724,hf0.05_sf0.50_mr5,hard_trigger,56,0.6168940894414996,0.5957902461244402,0.6384810002007713,0.06760985678768183,0.0615383262143456,0.0768653769183785
smartfallmm,lebref,20260724,hf0.05_sf0.50_mr5,remaining_background,56,0.2641899875003017,0.23623248010012118,0.2927701261937525,0.8528439379945528,0.8307383596813902,0.8727543739974544
smartfallmm,lebref,20260724,hf0.05_sf0.50_mr5,sustained_activation,56,0.11891592305819865,0.09642272071808229,0.1433484844484133,0.07954620521776531,0.05983410440727305,0.10145894438672275
smartfallmm,lebref,20260724,primary,hard_trigger,56,0.37614358949610577,0.3568793023186261,0.39563263250357084,0.03140779750017519,0.024311124585620056,0.04165688914776831
smartfallmm,lebref,20260724,primary,remaining_background,56,0.3982677044796408,0.3620589837054024,0.4338696329214904,0.8751778549495146,0.851345180335682,0.8966998968026926
smartfallmm,lebref,20260724,primary,sustained_activation,56,0.2255887060242534,0.1844161238105153,0.26992500076940923,0.09341434755031013,0.07163728160868658,0.11755405124094706
smartfallmm,lebref,20260725,hf0.01_sf0.40_mr5,hard_trigger,56,0.37632006920228595,0.3580288089266128,0.3948769346179942,0.03140779750017519,0.02422719407004652,0.04175436385377848
smartfallmm,lebref,20260725,hf0.01_sf0.40_mr5,remaining_background,56,0.36102092875923947,0.3226230243175657,0.3991349949133305,0.8433172765311273,0.8149775803198681,0.8692623064875714
smartfallmm,lebref,20260725,hf0.01_sf0.40_mr5,sustained_activation,56,0.26265900203847464,0.21740637661172682,0.30948154419243507,0.12527492596869744,0.09814184413260964,0.15444402572518287
smartfallmm,lebref,20260725,hf0.01_sf0.50_mr10,hard_trigger,56,0.37632006920228595,0.3580288089266128,0.3948769346179942,0.03140779750017519,0.02422719407004652,0.04175436385377848
smartfallmm,lebref,20260725,hf0.01_sf0.50_mr10,remaining_background,56,0.46456290151570084,0.43141586560894923,0.4956303944071094,0.8972962266245963,0.8745765334991902,0.9173747129124236
smartfallmm,lebref,20260725,hf0.01_sf0.50_mr10,sustained_activation,56,0.15911702928201316,0.12205998492988165,0.19924372464454024,0.07129597587522847,0.05108084904096458,0.09414882852325118
smartfallmm,lebref,20260725,hf0.01_sf0.50_mr3,hard_trigger,56,0.37632006920228595,0.3580288089266128,0.3948769346179942,0.03140779750017519,0.02422719407004652,0.04175436385377848
smartfallmm,lebref,20260725,hf0.01_sf0.50_mr3,remaining_background,56,0.3613123884982482,0.32314367381902875,0.3991417158849919,0.858984586887231,0.8331269208950525,0.8825353361031961
smartfallmm,lebref,20260725,hf0.01_sf0.50_mr3,sustained_activation,56,0.26236754229946585,0.21843391500765383,0.3077714465223236,0.10960761561259383,0.08523544263673528,0.1360428729411898
smartfallmm,lebref,20260725,hf0.01_sf0.60_mr5,hard_trigger,56,0.37632006920228595,0.3580288089266128,0.3948769346179942,0.03140779750017519,0.02422719407004652,0.04175436385377848
smartfallmm,lebref,20260725,hf0.01_sf0.60_mr5,remaining_background,56,0.4338472755932005,0.4000763288544806,0.46653560015350476,0.8948660664150443,0.8740976262547019,0.913727510703083
smartfallmm,lebref,20260725,hf0.01_sf0.60_mr5,sustained_activation,56,0.1898326552045135,0.15086815083332947,0.23066495216902883,0.07372613608478044,0.054934928699394876,0.09498576765342208
smartfallmm,lebref,20260725,hf0.05_sf0.50_mr5,hard_trigger,56,0.6166095027036594,0.5952088735409901,0.6386217119296764,0.06760985678768183,0.06154607283131997,0.07706457368314312
smartfallmm,lebref,20260725,hf0.05_sf0.50_mr5,remaining_background,56,0.2653221079695505,0.238364075069131,0.29343852478733673,0.8503093407817923,0.8275498408725399,0.8706606460888181
smartfallmm,lebref,20260725,hf0.05_sf0.50_mr5,sustained_activation,56,0.11806838932679013,0.095013007514251,0.14169878564312555,0.08208080243052586,0.06157022489859093,0.10479123076450428
smartfallmm,lebref,20260725,primary,hard_trigger,56,0.37632006920228595,0.3580288089266128,0.3948769346179942,0.03140779750017519,0.02422719407004652,0.04175436385377848
smartfallmm,lebref,20260725,primary,remaining_background,56,0.39751989081118555,0.3617958169933851,0.4327308965571241,0.872397932699844,0.8479353032968224,0.8944831917746877
smartfallmm,lebref,20260725,primary,sustained_activation,56,0.2261600399865286,0.18390951586755502,0.2701015974350148,0.09619426979998076,0.07351969242150186,0.12101873893963366
smartfallmm,lebref,20260726,hf0.01_sf0.40_mr5,hard_trigger,56,0.37702257631464303,0.35799174763498137,0.3969818794593426,0.03140779750017519,0.02432240026531894,0.04165999719156139
smartfallmm,lebref,20260726,hf0.01_sf0.40_mr5,remaining_background,56,0.3621290632976433,0.3232819808486822,0.39980296959708683,0.8469742877590536,0.8182667615365141,0.8728654726366805
smartfallmm,lebref,20260726,hf0.01_sf0.40_mr5,sustained_activation,56,0.26084836038771375,0.21529623245377585,0.3090894398073521,0.12161791474077129,0.09459648688444129,0.15153790248243934
smartfallmm,lebref,20260726,hf0.01_sf0.50_mr10,hard_trigger,56,0.37702257631464303,0.35799174763498137,0.3969818794593426,0.03140779750017519,0.02432240026531894,0.04165999719156139
smartfallmm,lebref,20260726,hf0.01_sf0.50_mr10,remaining_background,56,0.46499604874917083,0.4334734184238757,0.4952541271873105,0.898216317668468,0.8753915697697986,0.9183532977620555
smartfallmm,lebref,20260726,hf0.01_sf0.50_mr10,sustained_activation,56,0.1579813749361862,0.1211272692791403,0.19834402101236887,0.07037588483135693,0.050475482472535804,0.09364455367292128
smartfallmm,lebref,20260726,hf0.01_sf0.50_mr3,hard_trigger,56,0.37702257631464303,0.35799174763498137,0.3969818794593426,0.03140779750017519,0.02432240026531894,0.04165999719156139
smartfallmm,lebref,20260726,hf0.01_sf0.50_mr3,remaining_background,56,0.3599756653003662,0.3219797139622214,0.3971359722951505,0.8607934827448201,0.8345307693498448,0.8844567219540436
smartfallmm,lebref,20260726,hf0.01_sf0.50_mr3,sustained_activation,56,0.26300175838499085,0.2185236396815552,0.3097848513192191,0.1077987197550047,0.08347111341588963,0.13534894426155492
smartfallmm,lebref,20260726,hf0.01_sf0.60_mr5,hard_trigger,56,0.37702257631464303,0.35799174763498137,0.3969818794593426,0.03140779750017519,0.02432240026531894,0.04165999719156139
smartfallmm,lebref,20260726,hf0.01_sf0.60_mr5,remaining_background,56,0.4366670839277679,0.40342323027395294,0.46837639976047324,0.8959984889915228,0.8743562514452633,0.9149821029700044
smartfallmm,lebref,20260726,hf0.01_sf0.60_mr5,sustained_activation,56,0.18631033975758912,0.14739534720145978,0.2287833259553474,0.07259371350830206,0.05379677238985174,0.09464959871052178
smartfallmm,lebref,20260726,hf0.05_sf0.50_mr5,hard_trigger,56,0.6195177750590748,0.5988089321645679,0.6413761146135292,0.06760985678768183,0.06155852846233504,0.07698367333701034
smartfallmm,lebref,20260726,hf0.05_sf0.50_mr5,remaining_background,56,0.26304848052339064,0.23563904627731702,0.29168565132176816,0.8517662248236315,0.8287748888986423,0.8725721510935549
smartfallmm,lebref,20260726,hf0.05_sf0.50_mr5,sustained_activation,56,0.11743374441753462,0.09445445473051337,0.1414314072042131,0.08062391838868659,0.0599645493689371,0.10397289300395969
smartfallmm,lebref,20260726,primary,hard_trigger,56,0.37702257631464303,0.35799174763498137,0.3969818794593426,0.03140779750017519,0.02432240026531894,0.04165999719156139
smartfallmm,lebref,20260726,primary,remaining_background,56,0.3983565732926046,0.3628292311247441,0.43301893527738883,0.8741880508168668,0.8495983256534406,0.8965081515609861
smartfallmm,lebref,20260726,primary,sustained_activation,56,0.22462085039275242,0.18276276019734156,0.26945819681142613,0.09440415168295786,0.07181213914108894,0.11993938718245442
umafall,event_mil,20260724,hf0.01_sf0.40_mr5,hard_trigger,19,0.42608377729484437,0.3601835711368437,0.49823811515251015,0.018250285487750977,0.018222198339882534,0.01828063301922741
umafall,event_mil,20260724,hf0.01_sf0.40_mr5,remaining_background,19,0.446949308686881,0.36467031747634016,0.5269954658899859,0.9272418876558325,0.8967410355019036,0.9532476333249871
umafall,event_mil,20260724,hf0.01_sf0.40_mr5,sustained_activation,19,0.1269669140182747,0.07966925777377164,0.17731177269315132,0.05450782685641648,0.028456408887928164,0.0850151849905745
umafall,event_mil,20260724,hf0.01_sf0.50_mr10,hard_trigger,19,0.42608377729484437,0.3601835711368437,0.49823811515251015,0.018250285487750977,0.018222198339882534,0.01828063301922741
umafall,event_mil,20260724,hf0.01_sf0.50_mr10,remaining_background,19,0.49566565504517585,0.4193721980549033,0.5704028174690461,0.9480796780768079,0.9237007825790978,0.9669459430338101
umafall,event_mil,20260724,hf0.01_sf0.50_mr10,sustained_activation,19,0.07825056765997984,0.043504523906664025,0.11622336261726858,0.033670036435441156,0.014788074834116432,0.058054452344689644
umafall,event_mil,20260724,hf0.01_sf0.50_mr3,hard_trigger,19,0.42608377729484437,0.3601835711368437,0.49823811515251015,0.018250285487750977,0.018222198339882534,0.01828063301922741
umafall,event_mil,20260724,hf0.01_sf0.50_mr3,remaining_background,19,0.45575254977231244,0.37502817116064835,0.5353897531512747,0.9367199846828762,0.9080940270437166,0.9593799311680906
umafall,event_mil,20260724,hf0.01_sf0.50_mr3,sustained_activation,19,0.1181636729328431,0.07547020015896887,0.16341846989553024,0.04502972982937279,0.022357440373305504,0.07367312910693707
umafall,event_mil,20260724,hf0.01_sf0.60_mr5,hard_trigger,19,0.42608377729484437,0.3601835711368437,0.49823811515251015,0.018250285487750977,0.018222198339882534,0.01828063301922741
umafall,event_mil,20260724,hf0.01_sf0.60_mr5,remaining_background,19,0.4802599053945486,0.4033263593879439,0.5555612389517866,0.9471972703377597,0.9220808489040841,0.965912077624486
umafall,event_mil,20260724,hf0.01_sf0.60_mr5,sustained_activation,19,0.0936563173106071,0.05752461391722087,0.13314581866002204,0.03455244417448927,0.015842170358749585,0.05968647860483431
umafall,event_mil,20260724,hf0.05_sf0.50_mr5,hard_trigger,19,0.6263139328144222,0.5627479831650942,0.6944095959755018,0.054750856463252943,0.0546665950196476,0.05484189905768222
umafall,event_mil,20260724,hf0.05_sf0.50_mr5,remaining_background,19,0.32468274558856136,0.251405934165446,0.39629761130451374,0.9111122877717448,0.8862027175414425,0.9302313255321772
umafall,event_mil,20260724,hf0.05_sf0.50_mr5,sustained_activation,19,0.0490033215970164,0.028928677267068763,0.07209456451096706,0.03413685576500219,0.014959018056007085,0.059082935674356504
umafall,event_mil,20260724,primary,hard_trigger,19,0.42608377729484437,0.3601835711368437,0.49823811515251015,0.018250285487750977,0.018222198339882534,0.01828063301922741
umafall,event_mil,20260724,primary,remaining_background,19,0.4663882044944979,0.38871746510136634,0.5431231299641949,0.9396183917635315,0.911935607047257,0.9614257777770844
umafall,event_mil,20260724,primary,sustained_activation,19,0.10752801821065781,0.06677590253615814,0.15173216604433853,0.04213132274871759,0.020297475858365385,0.06982315486651439
umafall,event_mil,20260725,hf0.01_sf0.40_mr5,hard_trigger,19,0.42606407410585195,0.35558023032515995,0.5013629917109809,0.018250285487750977,0.018221215988899676,0.018281617984873343
umafall,event_mil,20260725,hf0.01_sf0.40_mr5,remaining_background,19,0.44290799163640326,0.3600912166586579,0.5277657109126824,0.9226382887815482,0.8896864971020676,0.9507310733487643
umafall,event_mil,20260725,hf0.01_sf0.40_mr5,sustained_activation,19,0.1310279342577449,0.08263944484482284,0.1826974613339632,0.05911142573070084,0.030994275485383187,0.09208087354640222
umafall,event_mil,20260725,hf0.01_sf0.50_mr10,hard_trigger,19,0.42606407410585195,0.35558023032515995,0.5013629917109809,0.018250285487750977,0.018221215988899676,0.018281617984873343
umafall,event_mil,20260725,hf0.01_sf0.50_mr10,remaining_background,19,0.4907134013178247,0.4118687276321845,0.5710347542549528,0.9448877925942112,0.9191561818011085,0.9655288258788874
umafall,event_mil,20260725,hf0.01_sf0.50_mr10,sustained_activation,19,0.08322252457632347,0.04658217860571786,0.1248037266458164,0.036861921918037804,0.01622761283427919,0.06259974882727264
umafall,event_mil,20260725,hf0.01_sf0.50_mr3,hard_trigger,19,0.42606407410585195,0.35558023032515995,0.5013629917109809,0.018250285487750977,0.018221215988899676,0.018281617984873343
umafall,event_mil,20260725,hf0.01_sf0.50_mr3,remaining_background,19,0.449201585429112,0.3655972199425493,0.5342356717749498,0.9319475620488644,0.9019495980129671,0.9567668997427813
umafall,event_mil,20260725,hf0.01_sf0.50_mr3,sustained_activation,19,0.1247343404650361,0.08019410340543401,0.17253393371895112,0.04980215246338445,0.02496758648231479,0.07981481670192367
umafall,event_mil,20260725,hf0.01_sf0.60_mr5,hard_trigger,19,0.42606407410585195,0.35558023032515995,0.5013629917109809,0.018250285487750977,0.018221215988899676,0.018281617984873343
umafall,event_mil,20260725,hf0.01_sf0.60_mr5,remaining_background,19,0.47711747013505396,0.39681352715801904,0.5579380776571573,0.9436928935724896,0.917004871040597,0.9642831345136598
umafall,event_mil,20260725,hf0.01_sf0.60_mr5,sustained_activation,19,0.09681845575909426,0.06032718320130914,0.13751287336561566,0.03805682093975915,0.017461544524478085,0.06474753664849749
umafall,event_mil,20260725,hf0.05_sf0.50_mr5,hard_trigger,19,0.6246638655141955,0.5575121500032287,0.6942168752292821,0.054750856463252943,0.054663647966699015,0.054844853954620035
umafall,event_mil,20260725,hf0.05_sf0.50_mr5,remaining_background,19,0.3215531351259168,0.24510021293539286,0.3987741115329541,0.9077508695423598,0.8818779082995101,0.9283864902612838
umafall,event_mil,20260725,hf0.05_sf0.50_mr5,sustained_activation,19,0.0537829993598878,0.0315010649450738,0.0795611990444653,0.037498273994387155,0.016828261988188577,0.06339330821400845
umafall,event_mil,20260725,primary,hard_trigger,19,0.42606407410585195,0.35558023032515995,0.5013629917109809,0.018250285487750977,0.018221215988899676,0.018281617984873343
umafall,event_mil,20260725,primary,remaining_background,19,0.4602176402055072,0.37886457697941645,0.5436063683853798,0.9359615177567612,0.9073533772425952,0.9594665972365692
umafall,event_mil,20260725,primary,sustained_activation,19,0.11371828568864084,0.06996325746765601,0.16003683154019707,0.04578819675548794,0.02227934762341132,0.07442952373076155
umafall,event_mil,20260726,hf0.01_sf0.40_mr5,hard_trigger,19,0.41766143637224873,0.35131379467018925,0.49015563782086397,0.018250285487750977,0.01822200367938384,0.018281870848992993
umafall,event_mil,20260726,hf0.01_sf0.40_mr5,remaining_background,19,0.4504773016061839,0.367589674922946,0.5358335810985684,0.9263375634703597,0.894730670407776,0.9534760507290352
umafall,event_mil,20260726,hf0.01_sf0.40_mr5,sustained_activation,19,0.13186126202156737,0.07898058747883992,0.19091553541013037,0.05541215104188934,0.028237780902602,0.08704213471736921
umafall,event_mil,20260726,hf0.01_sf0.50_mr10,hard_trigger,19,0.41766143637224873,0.35131379467018925,0.49015563782086397,0.018250285487750977,0.01822200367938384,0.018281870848992993
umafall,event_mil,20260726,hf0.01_sf0.50_mr10,remaining_background,19,0.5000868653079644,0.42320192259435235,0.5769503536383642,0.9479360097521479,0.923422667259214,0.9668978531021798
umafall,event_mil,20260726,hf0.01_sf0.50_mr10,sustained_activation,19,0.08225169831978671,0.044929556334344034,0.12412825808868075,0.03381370476010116,0.014833287336849485,0.05834104800599268
umafall,event_mil,20260726,hf0.01_sf0.50_mr3,hard_trigger,19,0.41766143637224873,0.35131379467018925,0.49015563782086397,0.018250285487750977,0.01822200367938384,0.018281870848992993
umafall,event_mil,20260726,hf0.01_sf0.50_mr3,remaining_background,19,0.4571403321187617,0.37617280276364823,0.540148872052023,0.9360993013561643,0.9081473957179357,0.9589451538085171
umafall,event_mil,20260726,hf0.01_sf0.50_mr3,sustained_activation,19,0.12519823150898948,0.07753629852829266,0.17782085067830183,0.045650413156084625,0.022798448103308663,0.0736066429667239
umafall,event_mil,20260726,hf0.01_sf0.60_mr5,hard_trigger,19,0.41766143637224873,0.35131379467018925,0.49015563782086397,0.018250285487750977,0.01822200367938384,0.018281870848992993
umafall,event_mil,20260726,hf0.01_sf0.60_mr5,remaining_background,19,0.4852973136638676,0.4083917616243113,0.5628751852895891,0.946324904613171,0.9220905508347103,0.9651876270502802
umafall,event_mil,20260726,hf0.01_sf0.60_mr5,sustained_activation,19,0.09704124996388368,0.05793923111442894,0.1401078580738775,0.03542480989907797,0.016540765281479363,0.059667829102611696
umafall,event_mil,20260726,hf0.05_sf0.50_mr5,hard_trigger,19,0.6204214819817142,0.5543714551461804,0.6893092513421966,0.054750856463252943,0.05466601103815152,0.05484561254697896
umafall,event_mil,20260726,hf0.05_sf0.50_mr5,remaining_background,19,0.32921414913940655,0.25479613791827066,0.4056345885684495,0.9107963609380508,0.8862882771173294,0.9299686059210993
umafall,event_mil,20260726,hf0.05_sf0.50_mr5,sustained_activation,19,0.05036436887887931,0.02802312109276901,0.07589388137719881,0.034452782598696136,0.015231467646040848,0.05899726345520476
umafall,event_mil,20260726,primary,hard_trigger,19,0.41766143637224873,0.35131379467018925,0.49015563782086397,0.018250285487750977,0.01822200367938384,0.018281870848992993
umafall,event_mil,20260726,primary,remaining_background,19,0.4704860902010626,0.3923358305222276,0.5509701925809203,0.9391921885520156,0.9120303673269817,0.9612087034092026
umafall,event_mil,20260726,primary,sustained_activation,19,0.11185247342668864,0.06725873512628792,0.16075596851395277,0.04255752596023349,0.020528370055070123,0.06973341147319782
umafall,lebref,20260724,hf0.01_sf0.40_mr5,hard_trigger,19,0.4242007972318573,0.3581439853276,0.49665019621887707,0.018250285487750977,0.018222198339882534,0.01828063301922741
umafall,lebref,20260724,hf0.01_sf0.40_mr5,remaining_background,19,0.45529849473051986,0.37511242960000774,0.5337371944190668,0.9323467086611766,0.9031907860030569,0.9560384149111281
umafall,lebref,20260724,hf0.01_sf0.40_mr5,sustained_activation,19,0.12050070803762292,0.07664172454866322,0.16700046964448692,0.04940300585107226,0.025707907605989885,0.07857112762781103
umafall,lebref,20260724,hf0.01_sf0.50_mr10,hard_trigger,19,0.4242007972318573,0.3581439853276,0.49665019621887707,0.018250285487750977,0.018222198339882534,0.01828063301922741
umafall,lebref,20260724,hf0.01_sf0.50_mr10,remaining_background,19,0.5014323927334976,0.4262603303162102,0.5752162443429196,0.9504077462161162,0.9276509599663569,0.9680243348052867
umafall,lebref,20260724,hf0.01_sf0.50_mr10,sustained_activation,19,0.0743668100346451,0.041495296975591636,0.11094506702449623,0.03134196829613283,0.013715062632719786,0.05411956085193393
umafall,lebref,20260724,hf0.01_sf0.50_mr3,hard_trigger,19,0.4242007972318573,0.3581439853276,0.49665019621887707,0.018250285487750977,0.018222198339882534,0.01828063301922741
umafall,lebref,20260724,hf0.01_sf0.50_mr3,remaining_background,19,0.46019405487836695,0.3801322253098697,0.5387911631954961,0.9394017345849228,0.9131430401832146,0.9604042161724666
umafall,lebref,20260724,hf0.01_sf0.50_mr3,sustained_activation,19,0.11560514788977591,0.07408272975246248,0.15947685943538314,0.042347979927326196,0.0213437298960028,0.06862090622796915
umafall,lebref,20260724,hf0.01_sf0.60_mr5,hard_trigger,19,0.4242007972318573,0.3581439853276,0.49665019621887707,0.018250285487750977,0.018222198339882534,0.01828063301922741
umafall,lebref,20260724,hf0.01_sf0.60_mr5,remaining_background,19,0.48749755971299275,0.41238936555770367,0.561159562163485,0.9496671445200844,0.9272057455498114,0.9666365996877119
umafall,lebref,20260724,hf0.01_sf0.60_mr5,sustained_activation,19,0.08830164305515009,0.055019314455911884,0.12416372825633948,0.03208256999216436,0.015105578978234271,0.05453567586748633
umafall,lebref,20260724,hf0.05_sf0.50_mr5,hard_trigger,19,0.6236331210748821,0.5593114068084218,0.6921253217989872,0.054750856463252943,0.0546665950196476,0.05484189905768222
umafall,lebref,20260724,hf0.05_sf0.50_mr5,remaining_background,19,0.32999443468777884,0.2562138318825793,0.40146974169199723,0.9139493863591353,0.8915072838664475,0.9313134008513262
umafall,lebref,20260724,hf0.05_sf0.50_mr5,sustained_activation,19,0.04637244423733911,0.027347209164054663,0.06849187827763026,0.03129975717761157,0.013886479844564986,0.05376788385381093
umafall,lebref,20260724,primary,hard_trigger,19,0.4242007972318573,0.3581439853276,0.49665019621887707,0.018250285487750977,0.018222198339882534,0.01828063301922741
umafall,lebref,20260724,primary,remaining_background,19,0.4719684915244132,0.3948724412382135,0.5479050786863224,0.9426574164901297,0.9174040649990821,0.9627690632975836
umafall,lebref,20260724,primary,sustained_activation,19,0.10383071124372946,0.06449958306611547,0.1463411216559592,0.039092298022119304,0.018973986634159713,0.06436989691021484
umafall,lebref,20260725,hf0.01_sf0.40_mr5,hard_trigger,19,0.42363828687436456,0.35318258006502046,0.49850065614040906,0.018250285487750977,0.018221215988899676,0.018281617984873343
umafall,lebref,20260725,hf0.01_sf0.40_mr5,remaining_background,19,0.45207576372740393,0.3708684804440869,0.535054725956086,0.930089754530742,0.9002074860645712,0.9548272610392499
umafall,lebref,20260725,hf0.01_sf0.40_mr5,sustained_activation,19,0.12428594939823147,0.07931323905943977,0.17232990889337185,0.05165995998150689,0.02691583380516568,0.08154190914105472
umafall,lebref,20260725,hf0.01_sf0.50_mr10,hard_trigger,19,0.42363828687436456,0.35318258006502046,0.49850065614040906,0.018250285487750977,0.018221215988899676,0.018281617984873343
umafall,lebref,20260725,hf0.01_sf0.50_mr10,remaining_background,19,0.4968225239373858,0.41883816898573945,0.5746001882286614,0.9478880192404089,0.9245753282582418,0.9663631151021368
umafall,lebref,20260725,hf0.01_sf0.50_mr10,sustained_activation,19,0.07953918918824965,0.04391243080909347,0.11967742277132772,0.033861695271840075,0.015358288800911226,0.05718040538228869
umafall,lebref,20260725,hf0.01_sf0.50_mr3,hard_trigger,19,0.42363828687436456,0.35318258006502046,0.49850065614040906,0.018250285487750977,0.018221215988899676,0.018281617984873343
umafall,lebref,20260725,hf0.01_sf0.50_mr3,remaining_background,19,0.4537117408534398,0.3704740307892138,0.5382479998764206,0.9357554824991647,0.9082211579876538,0.9582786884267593
umafall,lebref,20260725,hf0.01_sf0.50_mr3,sustained_activation,19,0.12264997227219572,0.07838493823090256,0.16913849550009613,0.04599423201308403,0.023457567428718785,0.07354032047989167
umafall,lebref,20260725,hf0.01_sf0.60_mr5,hard_trigger,19,0.42363828687436456,0.35318258006502046,0.49850065614040906,0.018250285487750977,0.018221215988899676,0.018281617984873343
umafall,lebref,20260725,hf0.01_sf0.60_mr5,remaining_background,19,0.4828198480778699,0.4045405001427134,0.5616639530872671,0.9468229923548004,0.9235755104184742,0.9651727003659459
umafall,lebref,20260725,hf0.01_sf0.60_mr5,sustained_activation,19,0.09354186504776564,0.05811867023417025,0.13304489921759194,0.03492672215744839,0.01656132611101357,0.05818376470085736
umafall,lebref,20260725,hf0.05_sf0.50_mr5,hard_trigger,19,0.6226769053947553,0.5546693691559197,0.6929172960556387,0.054750856463252943,0.054663647966699015,0.054844853954620035
umafall,lebref,20260725,hf0.05_sf0.50_mr5,remaining_background,19,0.3270759118370296,0.2507785093152026,0.4040196290483811,0.9110304883528488,0.8875568886225602,0.9295249807599949
umafall,lebref,20260725,hf0.05_sf0.50_mr5,sustained_activation,19,0.05024718276821508,0.02932688332672777,0.07487736696178213,0.03421865518389818,0.015683436854339185,0.057728200883749345
umafall,lebref,20260725,primary,hard_trigger,19,0.42363828687436456,0.35318258006502046,0.49850065614040906,0.018250285487750977,0.018221215988899676,0.018281617984873343
umafall,lebref,20260725,primary,remaining_background,19,0.4688573576702879,0.3883379753115121,0.5501206439360121,0.9397593547318954,0.9135356102919934,0.9609912126452486
umafall,lebref,20260725,primary,sustained_activation,19,0.10750435545534749,0.06580573050631582,0.1521992989969663,0.041990359780353745,0.02076545412570687,0.06822758597801752
umafall,lebref,20260726,hf0.01_sf0.40_mr5,hard_trigger,19,0.41750096206888887,0.3507986216905763,0.4906907895974121,0.018250285487750977,0.01822200367938384,0.018281870848992993
umafall,lebref,20260726,hf0.01_sf0.40_mr5,remaining_background,19,0.45463066591192364,0.372020076718972,0.5391268761647358,0.930140612333755,0.9002980707427912,0.9553856522674632
umafall,lebref,20260726,hf0.01_sf0.40_mr5,sustained_activation,19,0.1278683720191875,0.07753856851194484,0.18333268814464287,0.05160910217849386,0.0263465641353109,0.0814426795261167
umafall,lebref,20260726,hf0.01_sf0.50_mr10,hard_trigger,19,0.41750096206888887,0.3507986216905763,0.4906907895974121,0.018250285487750977,0.01822200367938384,0.018281870848992993
umafall,lebref,20260726,hf0.01_sf0.50_mr10,remaining_background,19,0.49994647455679136,0.4231096698364306,0.5767555003972633,0.9486354880224673,0.9253787068961079,0.9667200935436476
umafall,lebref,20260726,hf0.01_sf0.50_mr10,sustained_activation,19,0.08255256337431968,0.0467029996836251,0.12309870720152434,0.033114226489781615,0.015008179542071886,0.056387484928033416
umafall,lebref,20260726,hf0.01_sf0.50_mr3,hard_trigger,19,0.41750096206888887,0.3507986216905763,0.4906907895974121,0.018250285487750977,0.01822200367938384,0.018281870848992993
umafall,lebref,20260726,hf0.01_sf0.50_mr3,remaining_background,19,0.46009389643726234,0.3794804884851332,0.5427951187807077,0.9376677588830592,0.9107648805798743,0.9595864739724246
umafall,lebref,20260726,hf0.01_sf0.50_mr3,sustained_activation,19,0.12240514149384878,0.07694508547348394,0.17164870323206102,0.0440819556291897,0.02215133313676897,0.0710002396267017
umafall,lebref,20260726,hf0.01_sf0.60_mr5,hard_trigger,19,0.41750096206888887,0.3507986216905763,0.4906907895974121,0.018250285487750977,0.01822200367938384,0.018281870848992993
umafall,lebref,20260726,hf0.01_sf0.60_mr5,remaining_background,19,0.4871997140991538,0.41000947655426223,0.5646500349261893,0.9477461865425046,0.9245880171145624,0.9658263594259846
umafall,lebref,20260726,hf0.01_sf0.60_mr5,sustained_activation,19,0.0952993238319573,0.057927267101309604,0.1362600294312991,0.03400352796974426,0.01590076088545511,0.057190070711112706
umafall,lebref,20260726,hf0.05_sf0.50_mr5,hard_trigger,19,0.6189932192774205,0.5521091848889793,0.6884295502077538,0.054750856463252943,0.05466601103815152,0.05484561254697896
umafall,lebref,20260726,hf0.05_sf0.50_mr5,remaining_background,19,0.3317782206012316,0.25697482522504844,0.40832436054043453,0.9117547971369337,0.8883108642139096,0.9300397347393009
umafall,lebref,20260726,hf0.05_sf0.50_mr5,sustained_activation,19,0.049228560121347985,0.0280812817610759,0.07392839250858639,0.03349434639981313,0.015159286553094316,0.05697041895064475
umafall,lebref,20260726,primary,hard_trigger,19,0.41750096206888887,0.3507986216905763,0.4906907895974121,0.018250285487750977,0.01822200367938384,0.018281870848992993
umafall,lebref,20260726,primary,remaining_background,19,0.47446126346593875,0.3972887049220282,0.5536312703775742,0.9406179873797341,0.9145201474062408,0.9616037291279054
umafall,lebref,20260726,primary,sustained_activation,19,0.10803777446517245,0.06592889991575847,0.15445144029581598,0.041131727132514895,0.02012449449199508,0.06723648263716442
